{"share":"6", "iconsVersion":"1.4", "icomoon":"{\"selected\":[{\"idx\":\"37\",\"unicode\":\"e000\"},{\"idx\":\"36\",\"unicode\":\"e001\"},{\"idx\":\"35\",\"unicode\":\"e002\"},{\"idx\":\"34\",\"unicode\":\"e003\"},{\"idx\":\"33\",\"unicode\":\"e004\"},{\"idx\":\"32\",\"unicode\":\"e005\"},{\"idx\":\"31\",\"unicode\":\"e006\"},{\"idx\":\"30\",\"unicode\":\"e007\"},{\"idx\":\"29\",\"unicode\":\"e008\"},{\"idx\":\"28\",\"unicode\":\"e009\"},{\"idx\":\"27\",\"unicode\":\"e00a\"},{\"idx\":\"26\",\"unicode\":\"e00b\"},{\"idx\":\"25\",\"unicode\":\"e00c\"},{\"idx\":\"24\",\"unicode\":\"e00d\"},{\"idx\":\"23\",\"unicode\":\"e00e\"},{\"idx\":\"22\",\"unicode\":\"e00f\"},{\"idx\":\"21\",\"unicode\":\"e010\"},{\"idx\":\"20\",\"unicode\":\"e011\"},{\"idx\":\"19\",\"unicode\":\"e012\"},{\"idx\":\"18\",\"unicode\":\"e013\"},{\"idx\":\"17\",\"unicode\":\"e014\"},{\"idx\":\"16\",\"unicode\":\"e015\"},{\"idx\":\"15\",\"unicode\":\"e016\"},{\"idx\":\"14\",\"unicode\":\"e017\"},{\"idx\":\"13\",\"unicode\":\"e018\"},{\"idx\":\"12\",\"unicode\":\"e019\"},{\"idx\":\"11\",\"unicode\":\"e01a\"},{\"idx\":\"10\",\"unicode\":\"e01b\"},{\"idx\":\"9\",\"unicode\":\"e01c\"},{\"idx\":\"8\",\"unicode\":\"e01d\"},{\"idx\":\"7\",\"unicode\":\"e01e\"},{\"idx\":\"6\",\"unicode\":\"e01f\"},{\"idx\":\"5\",\"unicode\":\"e020\"},{\"idx\":\"4\",\"unicode\":\"e021\"},{\"idx\":\"3\",\"unicode\":\"e022\"},{\"idx\":\"2\",\"unicode\":\"e023\"},{\"idx\":\"1\",\"unicode\":\"e024\"},{\"idx\":\"0\",\"unicode\":\"e025\"},{\"idx\":\"38\",\"unicode\":\"e026\"},{\"idx\":\"39\",\"unicode\":\"e027\"}],\"customIcons\":[\"<svg version=\\\"1.1\\\" id=\\\"Layer_1\\\" xmlns=\\\"http://www.w3.org/2000/svg\\\" xmlns:xlink=\\\"http://www.w3.org/1999/xlink\\\" x=\\\"0px\\\" y=\\\"0px\\\" width=\\\"415px\\\" height=\\\"414.996px\\\" viewBox=\\\"0 0 415 414.996\\\" enable-background=\\\"new 0 0 415 414.996\\\" xml:space=\\\"preserve\\\" data-tags=\\\"Blogspot\\\" style=\\\"margin-left: 0px; margin-top: 0px; \\\">\\n\\n<path d=\\\"M163.614,87.214h53.129c19.612,2.331,48.146,19.13,58.675,41.475\\n\\tc2.895,6.27,4.421,7.234,6.832,25.801c1.286,9.565,1.93,16.639,6.189,20.577c6.028,5.466,28.373,1.769,32.794,5.225l3.376,2.652\\n\\tl2.01,4.18l0.723,3.376l-0.482,61.407c-0.24,41.716-34.16,75.876-75.956,75.876h-87.289c-41.796,0-75.956-34.16-75.956-75.876\\n\\tv-88.655C87.658,121.455,121.818,87.214,163.614,87.214L163.614,87.214z M164.579,236.313c-8.038,0-14.549,6.511-14.549,14.468\\n\\tc0,7.877,6.511,14.468,14.549,14.468h85.601c7.957,0,14.468-6.591,14.468-14.468c0-7.957-6.511-14.468-14.468-14.468H164.579\\n\\tL164.579,236.313z M164.579,149.346c-8.038,0-14.549,6.511-14.549,14.468s6.511,14.548,14.549,14.548h42.117\\n\\tc8.037,0,14.548-6.591,14.548-14.548s-6.511-14.468-14.548-14.468H164.579z\\\" transform=\\\"scale(0.07710917654765505 0.07710917654765505)\\\"></path></svg>\",\"<svg version=\\\"1.1\\\" id=\\\"Layer_1\\\" xmlns=\\\"http://www.w3.org/2000/svg\\\" xmlns:xlink=\\\"http://www.w3.org/1999/xlink\\\" x=\\\"0px\\\" y=\\\"0px\\\" width=\\\"414.998px\\\" height=\\\"414.996px\\\" viewBox=\\\"0 0 414.998 414.996\\\" enable-background=\\\"new 0 0 414.998 414.996\\\" xml:space=\\\"preserve\\\" data-tags=\\\"DropBox\\\" style=\\\"margin-left: 0px; margin-top: 0px; \\\">\\n\\n\\t\\n\\t\\n<path d=\\\"M296.407,197.121l47.576-39.646c0.281-0.224,0.531-0.497,0.736-0.817c0.986-1.55,0.531-3.607-1.02-4.595l-76.992-49.194\\n\\t\\tc-1.211-0.906-2.928-0.897-4.139,0.114l-50.91,42.688l-49.729-42.661v0.001c-1.094-0.937-2.713-1.086-3.98-0.263l-79.307,51.656\\n\\t\\tc-0.365,0.213-0.693,0.498-0.965,0.854c-1.117,1.464-0.836,3.556,0.627,4.674l51.217,38.966l-51.111,38.887\\n\\t\\tc-0.377,0.264-0.705,0.611-0.953,1.033c-0.938,1.586-0.412,3.631,1.174,4.568l52.777,31.256l26.658,15.789l0,0\\n\\t\\tc1.135,0.67,2.609,0.627,3.721-0.223l49.797-38.291l49.893,38.291l0.002-0.002c1.053,0.803,2.527,0.932,3.732,0.211l27.385-16.43\\n\\t\\tl50.922-30.551c0.342-0.189,0.658-0.441,0.926-0.756c1.197-1.398,1.033-3.502-0.365-4.699L296.407,197.121z M211.401,243.65\\n\\t\\tl-70.525-45.012l71.369-44.991l72.633,43.551L211.401,243.65zM211.536,257.971l-51.59,41.127l-28.529-17.553l-0.008-6.902l0.014,14.93c-0.039,1.115,0.482,2.223,1.477,2.889\\n\\t\\tl76.129,50.844c1.08,0.754,2.553,0.824,3.725,0.062l77.914-50.535c0.986-0.641,1.521-1.717,1.516-2.812l0.254-9.805l-29.33,17.719\\n\\t\\tL211.536,257.971z\\\" transform=\\\"scale(0.07710917654765505 0.07710917654765505)\\\"></path>\\n</svg>\",\"<svg version=\\\"1.1\\\" id=\\\"Layer_1\\\" xmlns=\\\"http://www.w3.org/2000/svg\\\" xmlns:xlink=\\\"http://www.w3.org/1999/xlink\\\" x=\\\"0px\\\" y=\\\"0px\\\" width=\\\"415px\\\" height=\\\"414.996px\\\" viewBox=\\\"0 0 415 414.996\\\" enable-background=\\\"new 0 0 415 414.996\\\" xml:space=\\\"preserve\\\" data-tags=\\\"Email\\\" style=\\\"margin-left: 0px; margin-top: 0px; \\\">\\n\\n<path d=\\\"M321.548,165.366L210.82,88.71c-2.464-1.913-5.982-2.091-8.668-0.202L93.276,165.472c-2.084,1.287-3.473,3.592-3.473,6.221\\n\\tv137.479c0,4.035,3.271,7.307,7.308,7.307h220.776c4.037,0,7.307-3.271,7.307-7.307V171.692\\n\\tC325.194,168.99,323.728,166.631,321.548,165.366z M206.399,103.369l98.488,68.183l-88.674,58.68l-4.716-3.251\\n\\tc-2.458-1.962-6.005-2.172-8.719-0.285l-4.708,3.278l-88.061-58.469L206.399,103.369z M104.419,185.296l80.784,53.639\\n\\tl-80.784,56.252V185.296z M120.381,301.863l86.601-60.302l4.728,3.259c0.188,0.145,0.384,0.278,0.584,0.402l82.161,56.641H120.381z\\n\\t M310.581,295.286l-81.424-56.133l81.424-53.883V295.286z\\\" transform=\\\"scale(0.07710917654765505 0.07710917654765505)\\\"></path></svg>\",\"<svg version=\\\"1.1\\\" id=\\\"Layer_1\\\" xmlns=\\\"http://www.w3.org/2000/svg\\\" xmlns:xlink=\\\"http://www.w3.org/1999/xlink\\\" x=\\\"0px\\\" y=\\\"0px\\\" width=\\\"415px\\\" height=\\\"414.996px\\\" viewBox=\\\"0 0 415 414.996\\\" enable-background=\\\"new 0 0 415 414.996\\\" xml:space=\\\"preserve\\\" data-tags=\\\"Evernote\\\" style=\\\"margin-left: 0px; margin-top: 0px; \\\">\\n\\n<path d=\\\"M105.395,127.441h0.015h26.649c1.524-0.002,2.758-1.242,2.76-2.757c0-0.01-0.325-22.853-0.325-29.199v-0.078\\n\\tc0-5.213,1.094-9.76,3.004-13.572l0.908-1.712c-0.099,0.019-0.2,0.065-0.304,0.166l-51.777,51.347c-0.1,0.08-0.16,0.188-0.192,0.302\\n\\tc1.071-0.529,2.536-1.255,2.743-1.346C93.379,128.555,98.849,127.441,105.395,127.441L105.395,127.441z M312.743,121.851\\n\\tc3.615,19.385,8.18,96.2,5.831,121.646c-3.712,40.253-9.852,64.221-12.391,72.076c-12.827,39.789-23.768,40.806-54.826,40.806\\n\\tc-39.618,0-51.741-5.884-51.741-37.569c0-34.908,16.423-35.647,44.333-34.875c3.999,0.096-0.23,4.002-0.23,10.766\\n\\tc0,6.795,2.617,9.475-0.987,9.475c-8.068,0-18.964-1.157-18.964,9.858c0,13.616,6.539,13.176,23.689,13.176\\n\\tc21.152,0,25.198-2.639,25.198-21.906c0-31.67-8.957-36.523-21.298-37.944c-13.654-1.601-27.086-3.652-33.566-5.944\\n\\tc-16.402-5.825-15.231-27.543-15.231-33.681c0-0.925-1.295-0.884-1.295,0c0,8.693-0.623,20.703-5.093,34.236\\n\\tc-1.391,3.911-2.408,6.558-2.425,6.59c-5.145,10.787-13.781,7.092-27.538,5.332c-13.786-1.757-43.193-7.891-56.068-13.403\\n\\tc-5.775-2.68-7.735-5.223-10.676-11.307c-7.588-15.646-15.573-67.095-16.562-74.458c-1.182-9.52-1.234-14.434-1.234-14.434\\n\\tc-0.015-6.022,0.604-11.917,4.163-16.696c1.787-2.406,4.141-4.44,7.463-5.949c3.318-1.508,7.664-2.462,13.347-2.462h26.653\\n\\tc5.807-0.008,10.498-4.714,10.502-10.498c0-0.04-0.091-5.854-0.166-12.347c-0.079-6.479-0.164-13.771-0.164-16.862\\n\\tc0.01-5.47,1.397-9.381,3.535-12.439c3.191-4.573,8.926-7.538,14.11-8.99c6.518-1.822,31.921-3.422,48.353,3.188\\n\\tc6.172,2.489,11.685,9.672,12.832,17.532c9.561-0.293,25.396-0.422,38.865,1.165c16.736,1.974,30.064,4.434,36.632,6.807\\n\\tC303.888,104.937,310.625,110.52,312.743,121.851L312.743,121.851L312.743,121.851z M258.6,206.75\\n\\tc7.201,0.253,13.811,1.771,19.146,4.149c-0.044-8.104-1.815-20.071-14.477-20.509c-11.439-0.4-14.668,9.203-15.639,17.021\\n\\tC251.074,206.857,254.764,206.616,258.6,206.75L258.6,206.75z\\\" transform=\\\"scale(0.07710917654765505 0.07710917654765505)\\\"></path></svg>\",\"<svg version=\\\"1.1\\\" id=\\\"Layer_1\\\" xmlns=\\\"http://www.w3.org/2000/svg\\\" xmlns:xlink=\\\"http://www.w3.org/1999/xlink\\\" x=\\\"0px\\\" y=\\\"0px\\\" width=\\\"415px\\\" height=\\\"415px\\\" viewBox=\\\"0 0 415 415\\\" enable-background=\\\"new 0 0 415 415\\\" xml:space=\\\"preserve\\\" data-tags=\\\"facebook\\\" style=\\\"margin-left: 0px; margin-top: 0px; \\\">\\n\\n<path d=\\\"M149.472,164.49h26.12v-11.85v-11.608v-1.936c0-11.174,0.29-28.441,8.415-39.131c8.562-11.32,20.316-19.009,40.534-19.009\\n\\tc32.939,0,46.823,4.69,46.823,4.69l-6.53,38.696c0,0-10.882-3.145-21.041-3.145c-10.157,0-19.252,3.628-19.252,13.786v4.112v13.544\\n\\tv11.85h41.646l-2.902,37.776h-38.744v131.276h-48.949V202.267h-26.12V164.49z\\\" transform=\\\"scale(0.07710843373493977 0.07710843373493977)\\\"></path></svg>\",\"<svg version=\\\"1.1\\\" id=\\\"Layer_1\\\" xmlns=\\\"http://www.w3.org/2000/svg\\\" xmlns:xlink=\\\"http://www.w3.org/1999/xlink\\\" x=\\\"0px\\\" y=\\\"0px\\\" width=\\\"415px\\\" height=\\\"414.996px\\\" viewBox=\\\"0 0 415 414.996\\\" enable-background=\\\"new 0 0 415 414.996\\\" xml:space=\\\"preserve\\\" data-tags=\\\"Flattr\\\" style=\\\"margin-left: 0px; margin-top: 0px; \\\">\\n\\n<path d=\\\"M121.962,179.937c0-32.242,8.556-52.757,37.213-57.356c10.009-1.964,30.855-1.279,44.106-1.279v49.248\\n\\tc0,0.447,0.062,1.247,0.168,1.663c0.555,1.983,2.362,3.447,4.494,3.454c1.205,0,2.341-0.623,3.506-1.77L334.294,51.085\\n\\tl-82.462-0.015h-91.451c-72.373,0-109.297,41.684-109.297,119.495v163.261l70.878-70.954V179.937z M295.382,154.46v82.926\\n\\tc0,32.243-8.55,52.758-37.214,57.358c-10.011,1.963-30.85,1.278-44.1,1.278v-49.248c0-0.447-0.06-1.247-0.169-1.654\\n\\tc-0.561-1.992-2.362-3.455-4.502-3.463c-1.206,0-2.331,0.623-3.508,1.778L83.049,366.238l82.457,0.015h91.455\\n\\tc72.37,0,109.306-41.674,109.306-119.495V83.497L295.382,154.46z\\\" transform=\\\"scale(0.07710917654765505 0.07710917654765505)\\\"></path></svg>\",\"<svg version=\\\"1.1\\\" id=\\\"Layer_1\\\" xmlns=\\\"http://www.w3.org/2000/svg\\\" xmlns:xlink=\\\"http://www.w3.org/1999/xlink\\\" x=\\\"0px\\\" y=\\\"0px\\\" width=\\\"414.999px\\\" height=\\\"414.996px\\\" viewBox=\\\"0 0 414.999 414.996\\\" enable-background=\\\"new 0 0 414.999 414.996\\\" xml:space=\\\"preserve\\\" data-tags=\\\"flickr\\\" style=\\\"margin-left: 0px; margin-top: 0px; \\\">\\n\\n<path d=\\\"M364.297,207.498c0,40.752-33.036,73.788-73.789,73.788\\n\\tc-40.752,0-73.787-33.035-73.787-73.788c0-40.753,33.035-73.788,73.787-73.788C331.261,133.709,364.297,166.745,364.297,207.498\\n\\tL364.297,207.498z M198.278,207.498c0,40.752-33.035,73.788-73.788,73.788s-73.788-33.035-73.788-73.788\\n\\tc0-40.753,33.035-73.788,73.788-73.788S198.278,166.745,198.278,207.498L198.278,207.498z M184.396,207.498\\n\\tc0-33.085-26.82-59.905-59.905-59.905s-59.905,26.819-59.905,59.905c0,33.085,26.82,59.904,59.905,59.904\\n\\tS184.396,240.583,184.396,207.498z\\\" transform=\\\"scale(0.07710917654765505 0.07710917654765505)\\\"></path></svg>\",\"<svg version=\\\"1.1\\\" id=\\\"Layer_1\\\" xmlns=\\\"http://www.w3.org/2000/svg\\\" xmlns:xlink=\\\"http://www.w3.org/1999/xlink\\\" x=\\\"0px\\\" y=\\\"0px\\\" width=\\\"415px\\\" height=\\\"414.996px\\\" viewBox=\\\"0 0 415 414.996\\\" enable-background=\\\"new 0 0 415 414.996\\\" xml:space=\\\"preserve\\\" data-tags=\\\"FourSquare\\\" style=\\\"margin-left: 0px; margin-top: 0px; \\\">\\n\\n\\t\\n\\t\\n\\t\\n<path d=\\\"M190.583,292.284l-47.592-38.988c-8.967,2.763-18.389,3.162-27.379,1.351l68.867,68.859c5.611,5.615,14.711,5.615,20.32,0\\n\\t\\tl70.104-70.101c5.617-5.612,5.617-14.711,0-20.323l-3.604-3.604l-74.645,62.899C193.462,294.962,190.583,292.284,190.583,292.284zM179.2,218.306l11.156,14.777c0,0,3.283,4.818,6.994-0.331l32.309-44.918l-24.859-24.86c-5.609-5.609-14.709-5.609-20.32,0\\n\\t\\tl-9.623,9.622C183.05,186.862,184.271,203.546,179.2,218.306zM310.435,87.853l-76.18,104.577l-37.045,50.854c-3.244,3.619-6.105,1.715-7.232,0.37\\n\\t\\tc-0.387-0.456-8.096-10.55-18.066-23.625c5.945-13.605,5.539-29.468-1.578-42.908c-1.676-3.161-3.719-6.19-6.141-9.022\\n\\t\\tc-17.74-20.729-48.922-23.166-69.648-5.424c-20.734,17.735-23.16,48.916-5.424,69.648c5.963,6.972,13.447,11.866,21.543,14.627\\n\\t\\tc10.816,3.688,22.727,3.562,33.564-0.561l46.547,37.437c0,0,2.545,2.364,5.357,0.081l70.287-59.311l76.932-64.919V87.854\\n\\t\\tL310.435,87.853z\\\" transform=\\\"scale(0.07710917654765505 0.07710917654765505)\\\"></path>\\n</svg>\",\"<svg version=\\\"1.1\\\" id=\\\"Layer_1\\\" xmlns=\\\"http://www.w3.org/2000/svg\\\" xmlns:xlink=\\\"http://www.w3.org/1999/xlink\\\" x=\\\"0px\\\" y=\\\"0px\\\" width=\\\"415px\\\" height=\\\"414.996px\\\" viewBox=\\\"0 0 415 414.996\\\" enable-background=\\\"new 0 0 415 414.996\\\" xml:space=\\\"preserve\\\" data-tags=\\\"GitHub circle\\\" style=\\\"margin-left: 0px; margin-top: 0px; \\\">\\n\\n<path d=\\\"M331.312,86.24c-33.747-33.745-74.246-50.62-122.165-50.62c-47.922,0-88.421,16.875-122.17,50.62\\n\\tc-33.748,33.749-50.622,74.247-50.622,122.172c0,47.921,16.874,88.419,50.622,122.168c33.749,33.744,74.248,50.621,122.17,50.621\\n\\tc47.919,0,88.418-16.877,122.165-50.621c33.746-33.749,50.624-74.247,50.624-122.168C381.937,160.487,365.059,119.989,331.312,86.24\\n\\tz M265.842,342.053c-4.749,1.965-8.775,3.377-13.5,4.727v-25.65c0-13.499-4.725-23.625-14.171-30.375\\n\\tc37.119-2.7,77.618-17.55,77.618-81.67c0-17.549-5.399-32.398-16.874-44.547c4.725-13.5,4.05-28.35-2.024-43.872l-4.05-0.677\\n\\tc-5.369-0.893-22.275,4.727-41.174,17.549c-13.496-4.05-27.674-6.073-41.845-6.073c-14.174,0-28.349,2.023-41.174,6.073\\n\\tc-33.072-20.922-45.222-17.549-45.897-16.872c-6.074,15.522-6.749,30.372-2.024,43.872c-11.476,12.149-16.874,26.999-16.874,44.547\\n\\tc0,64.12,40.497,78.97,77.621,81.67c-8.775,6.076-13.5,16.199-13.5,30.375v26.323c-5.399-1.35-10.775-3.435-15.523-5.399\\n\\tc-34.402-14.234-62.441-42.662-76.946-76.947c-15.194-35.912-15.194-77.479,0-113.391c14.505-34.285,42.66-62.441,76.946-76.947\\n\\tc35.914-15.193,77.478-15.193,113.392,0c34.286,14.506,62.441,42.662,76.946,76.947c15.193,35.912,15.193,77.479,0,113.391\\n\\tC328.283,299.391,300.24,327.818,265.842,342.053z\\\" transform=\\\"scale(0.07710917654765505 0.07710917654765505)\\\"></path></svg>\",\"<svg version=\\\"1.1\\\" id=\\\"Layer_1\\\" xmlns=\\\"http://www.w3.org/2000/svg\\\" xmlns:xlink=\\\"http://www.w3.org/1999/xlink\\\" x=\\\"0px\\\" y=\\\"0px\\\" width=\\\"415px\\\" height=\\\"414.996px\\\" viewBox=\\\"0 0 415 414.996\\\" enable-background=\\\"new 0 0 415 414.996\\\" xml:space=\\\"preserve\\\" data-tags=\\\"GitHub octoface\\\" style=\\\"margin-left: 0px; margin-top: 0px; \\\">\\n\\n\\t\\n\\t\\n\\t\\n\\t\\n\\t\\n\\t\\n\\t\\n<path d=\\\"M357.654,260.769c-0.958,3.177-2.035,6.203-3.211,9.09l-1.378,3.188\\n\\t\\tc-32.427,71.199-243.317,79.506-277.986-12.342l-1.163-3.242c-4.91-14.454-7.086-31.007-7.086-49.499\\n\\t\\tc0-32.828,10.231-45.213,23.963-62.713c-10.5-37.426,3.77-63.005,3.77-63.005s22.079-4.577,63.813,25.309\\n\\t\\tc22.617-9.693,82.928-10.5,111.469-2.153c17.501-11.579,49.543-28.002,62.466-23.403c3.502,5.632,11.041,22.056,4.579,58.137\\n\\t\\tc4.384,7.915,27.193,24.771,27.28,72.427c-0.367,17.577-2.197,32.419-5.591,44.967L357.654,260.769L357.654,260.769z\\n\\t\\t M327.646,249.45c0-23.694-11.018-54.389-54.388-54.389c-3.177,0-27.938,2.692-52.417,2.692c-27.571,0-56.125-2.692-60.496-2.692\\n\\t\\tc-44.157,0-55.099,35.326-55.099,51.513C105.247,343.673,327.646,340.114,327.646,249.45zM179.557,249.18c0-18.983-10.326-34.375-23.066-34.375\\n\\t\\tc-12.739,0-23.065,15.392-23.065,34.375s10.326,32.22,23.065,32.22C169.23,281.4,179.557,268.165,179.557,249.18zM304.217,249.18c0-18.983-10.324-34.375-23.064-34.375\\n\\t\\tc-12.737,0-23.064,15.392-23.064,34.375s10.327,32.22,23.064,32.22C293.893,281.4,304.217,268.165,304.217,249.18zM217.162,302.045c-8.244,0-14.271-7.084-14.271-10.772\\n\\t\\tc0-0.89,0.723-1.616,1.616-1.616c0.893,0,1.616,0.726,1.616,1.616c0,1.824,4.581,7.54,11.039,7.54c5.6,0,9.781-3.98,9.781-7.54\\n\\t\\tc0-0.89,0.725-1.616,1.616-1.616s1.613,0.726,1.613,1.616C230.174,296.368,224.831,302.045,217.162,302.045zM211.418,277.902A5.565,5.565 0 1,0 222.548,277.902A5.565,5.565 0 1,0 211.418,277.902zM141.323,249.18A15.168,22.259 0 1,0 171.65900000000002,249.18A15.168,22.259 0 1,0 141.323,249.18zM265.985,249.18A15.169,22.259 0 1,0 296.323,249.18A15.169,22.259 0 1,0 265.985,249.18z\\\" transform=\\\"scale(0.07710917654765505 0.07710917654765505)\\\"></path>\\n</svg>\",\"<svg version=\\\"1.1\\\" id=\\\"Layer_1\\\" xmlns=\\\"http://www.w3.org/2000/svg\\\" xmlns:xlink=\\\"http://www.w3.org/1999/xlink\\\" x=\\\"0px\\\" y=\\\"0px\\\" width=\\\"415px\\\" height=\\\"415px\\\" viewBox=\\\"0 0 415 415\\\" enable-background=\\\"new 0 0 415 415\\\" xml:space=\\\"preserve\\\" data-tags=\\\"google+\\\" style=\\\"margin-left: 0px; margin-top: 0px; \\\">\\n\\n\\t\\n\\t\\n<path d=\\\"M368.346,131.916L314.569,131.916L314.569,78.139L301.125,78.139L301.125,131.916L247.348,131.916L247.348,145.36L301.125,145.36L301.125,199.137L314.569,199.137L314.569,145.36L368.346,145.36 \\tzM188.43,232.613c-7.512-5.317-21.877-18.25-21.877-25.851c0-8.908,2.543-13.298,15.951-23.774\\n\\t\\tc13.745-10.74,23.472-25.836,23.472-43.4c0-20.905-9.311-41.283-26.79-48.004h26.352l18.599-13.445c0,0-62.333,0-83.108,0\\n\\t\\tc-37.26,0-72.326,28.228-72.326,60.926c0,33.413,25.398,60.381,63.304,60.381c2.636,0,5.197-0.052,7.705-0.232\\n\\t\\tc-2.46,4.709-4.219,10.015-4.219,15.521c0,9.286,4.995,16.815,11.312,22.96c-4.771,0-9.381,0.138-14.407,0.138\\n\\t\\tc-46.15,0-81.671,29.393-81.671,59.872c0,30.017,38.94,48.795,85.092,48.795c52.613,0,81.672-29.853,81.672-59.872\\n\\t\\tC217.488,262.557,210.387,248.142,188.43,232.613L188.43,232.613z M144.031,190.975L144.031,190.975\\n\\t\\tc-21.414-0.64-41.762-23.955-45.458-52.069c-3.695-28.119,10.661-49.641,32.069-49.001c21.406,0.644,41.763,23.205,45.46,51.32\\n\\t\\tC179.796,169.344,165.436,191.614,144.031,190.975L144.031,190.975z M135.646,333.229L135.646,333.229\\n\\t\\tc-31.898,0-54.938-20.192-54.938-44.449c0-23.773,28.576-43.562,60.475-43.218c7.445,0.079,14.382,1.277,20.681,3.315\\n\\t\\tc17.315,12.042,29.737,18.847,33.241,32.57c0.66,2.784,1.018,5.646,1.018,8.57C196.123,314.273,180.493,333.229,135.646,333.229z\\\" transform=\\\"scale(0.07710843373493977 0.07710843373493977)\\\"></path>\\n</svg>\",\"<svg version=\\\"1.1\\\" id=\\\"Layer_1\\\" xmlns=\\\"http://www.w3.org/2000/svg\\\" xmlns:xlink=\\\"http://www.w3.org/1999/xlink\\\" x=\\\"0px\\\" y=\\\"0px\\\" width=\\\"414.999px\\\" height=\\\"414.996px\\\" viewBox=\\\"0 0 414.999 414.996\\\" enable-background=\\\"new 0 0 414.999 414.996\\\" xml:space=\\\"preserve\\\" data-tags=\\\"HabraHabr\\\" style=\\\"margin-left: 0px; margin-top: 0px; \\\">\\n\\n<path d=\\\"M113.171,87.838L183.043,87.838L183.043,160.334L231.955,160.334L231.955,87.838L301.829,87.838L301.829,327.157L231.955,327.157L231.955,231.955L183.043,231.955L183.043,327.157L113.171,327.157 \\n\\tz\\\" transform=\\\"scale(0.07710917654765505 0.07710917654765505)\\\"></path></svg>\",\"<svg version=\\\"1.1\\\" id=\\\"Layer_1\\\" xmlns=\\\"http://www.w3.org/2000/svg\\\" xmlns:xlink=\\\"http://www.w3.org/1999/xlink\\\" x=\\\"0px\\\" y=\\\"0px\\\" width=\\\"415px\\\" height=\\\"414.996px\\\" viewBox=\\\"0 0 415 414.996\\\" enable-background=\\\"new 0 0 415 414.996\\\" xml:space=\\\"preserve\\\" data-tags=\\\"Instapaper\\\" style=\\\"margin-left: 0px; margin-top: 0px; \\\">\\n\\n<path d=\\\"M267.167,333.948c0,9.139,0,18.121,0,27.245c-39.782,0-79.456,0-119.334,0\\n\\tc0-9.097,0-18,0-27.179c1.044-0.056,1.901-0.138,2.759-0.14c5.935-0.015,11.881-0.255,17.8,0.049\\n\\tc7.143,0.366,14.275-7.657,14.271-13.998c-0.015-19.421-0.006-38.841-0.004-58.261c0.001-20.725,0.017-41.45,0-62.175\\n\\tc-0.016-21.208-0.078-42.417-0.091-63.625c-0.007-10.486,0.087-20.972,0.069-31.458c-0.012-7.168-5.059-13.731-11.603-14.972\\n\\tc-1.968-0.373-4.042-0.231-6.067-0.242c-5.604-0.026-11.207-0.009-17.007-0.009c0-9.433,0-18.73,0-28.198\\n\\tc39.687,0,79.319,0,119.133,0c0,9.333,0,18.617,0,28.162c-6.619,0-13.021,0.001-19.421-0.001c-7.474-0.001-13.37,4.678-14.998,12\\n\\tc-0.277,1.251-0.291,2.578-0.291,3.87c0.002,56.659,0.024,113.319,0.033,169.979c0.002,14.55-0.041,29.1-0.041,43.649\\n\\tc0.002,8.773,6.424,15.189,15.186,15.192c5.689,0.002,11.38-0.038,17.07-0.042C265.422,333.795,266.214,333.889,267.167,333.948z\\\" transform=\\\"scale(0.07710917654765505 0.07710917654765505)\\\"></path></svg>\",\"<svg version=\\\"1.1\\\" id=\\\"Layer_1\\\" xmlns=\\\"http://www.w3.org/2000/svg\\\" xmlns:xlink=\\\"http://www.w3.org/1999/xlink\\\" x=\\\"0px\\\" y=\\\"0px\\\" width=\\\"415px\\\" height=\\\"414.996px\\\" viewBox=\\\"0 0 415 414.996\\\" enable-background=\\\"new 0 0 415 414.996\\\" xml:space=\\\"preserve\\\" data-tags=\\\"Jabber\\\" style=\\\"margin-left: 0px; margin-top: 0px; \\\">\\n\\n<path d=\\\"M193.907,209.278c0-4.282-0.792-8.955-3.277-12.546\\n\\tc-4.986-7.195-15.691-9.484-23.143-4.949c-3.766,2.292-5.858,6.298-7.04,10.409c-2.344,8.163-1.271,17.48,0.37,25.68\\n\\tc0.523,2.622,1.065,5.248,1.8,7.821c0.267,0.929,0.39,2.278,0.993,3.052c1.054,1.351,3.626,1.741,5.205,1.475\\n\\tc4.733-0.795,3.562-8.591,3.4-11.905c-0.377-7.764-2.666-15.3-0.45-23.022c0.939-3.268,2.753-6.942,6.052-8.362\\n\\tc2.979-1.282,5.985,0.287,7.164,3.196c1.91,4.711,1.434,10.152,2.632,15.056c0.408,1.666,0.854,3.315,1.605,4.869\\n\\tc0.218,0.449,0.519,1.382,1.149,1.327c1.534-0.141,3.714-2.701,4.863-3.65c3.716-3.07,7.531-6.356,11.808-8.629\\n\\tc2.013-1.069,5.323-2.799,7.379-0.982c0.524,0.464,0.946,1.018,1.321,1.605c2.415,3.784,0.017,6.731-1.554,10.331\\n\\tc-2.033,4.657-4.117,9.269-7.062,13.43c-2.533,3.579-5.992,6.717-8.017,10.627c-1.302,2.518-2.039,5.276-1.501,8.117\\n\\tc0.438,2.297,2.218,3.686,4.561,3.146c1.755-0.402,2.943-1.907,3.942-3.294c1.782-2.476,3.438-5.043,5.208-7.527\\n\\tc3.427-4.806,7.471-9.297,10.352-14.464c3.473-6.227,5.147-13.273,5.145-20.366c-0.002-5.797-2.104-14.656-8.855-15.871\\n\\tc-1.271-0.227-2.723-0.102-3.984,0.117c-1.568,0.273-3.144,0.783-4.574,1.477c-3.841,1.858-7.159,4.632-10.013,7.785\\n\\tc-1.778,1.966-3.372,4.438-5.483,6.051L193.907,209.278L193.907,209.278z M136.494,319.293c-2.097,0.235-3.679,1.33-5.059,2.887\\n\\tc-0.95,1.072-1.853,2.042-2.399,3.395c-3.011,7.447,5.016,14.48,10.559,17.997c6.17,3.914,12.909,6.814,19.776,9.259\\n\\tc15.486,5.512,33.651,9.04,49.734,4.113c4.781-1.464,9.508-4.141,12.982-7.757c1.959-2.039,3.302-5.124-0.289-6.43\\n\\tc-2.128-0.771-4.711,1.194-6.643,1.973c-4.555,1.838-9.277,3.23-14.168,3.822c-6.441,0.781-12.24-0.636-18.448-2.19\\n\\tc-5.302-1.324-10.663-2.65-15.791-4.562c-4.372-1.63-8.717-3.568-12.544-6.275c-1.145-0.81-2.514-1.53-3.451-2.584\\n\\tc-3.063-3.448-5.366-7.481-8.651-10.761c-1.419-1.418-3.437-3.13-5.608-2.888V319.293L136.494,319.293z M133.543,291.692\\n\\tl-0.003-0.002c1.396-0.184,3.53-0.357,4.87,0.102c2.879,0.989,5.158,4.186,7.38,6.141c3.649,3.215,7.556,6.102,11.807,8.476\\n\\tc10.815,6.033,24.039,9.857,36.454,10.162c4.735,0.116,9.459,0.049,14.168-0.609c1.991-0.275,5.038-1.455,6.938-0.562\\n\\tc4.349,2.046,5.758,11.252,0.886,13.531c-1.722,0.805-4.041,0.945-5.904,1.256c-5.095,0.849-10.344,1.215-15.495,0.862\\n\\tc-17.92-1.229-34.584-7.233-49.293-17.64c-5.276-3.734-10.562-7.969-14.579-13.071c-1.385-1.762-4.284-5.647-1.653-7.581\\n\\tC130.38,291.831,132.07,291.886,133.543,291.692L133.543,291.692z M141.071,258.929c-5.792,0.83-7.477,5.472-6.405,10.71\\n\\tc1.369,6.705,6.642,11.817,11.865,15.844c13.382,10.315,30.667,15.893,47.52,15.155c6.576-0.287,13.74-1.375,19.776-4.165\\n\\tc3.236-1.495,6.622-6.884,2.215-9.191c-0.604-0.315-1.394-0.511-2.066-0.621c-1.926-0.315-4.079,0.505-5.903,1.027\\n\\tc-3.216,0.924-6.43,1.869-9.741,2.4c-9.892,1.59-20.59-0.671-28.779-6.533c-6.62-4.738-11.976-10.99-17.03-17.309\\n\\tc-3.096-3.869-5.891-8.114-11.452-7.317H141.071L141.071,258.929z M187.561,65.89l-0.002,0.001c3.34-0.438,6.983-0.067,10.332,0.08\\n\\tc6.028,0.264,12.016,0.776,18.004,1.609c12.771,1.778,25.104,4.244,36.897,9.657c29.715,13.644,48.428,42.006,59.335,71.83\\n\\tc3.58,9.783,7.379,20.159,8.657,30.548c1.014,8.214,0.278,16.667-1.938,24.646c-6.201,22.311-22.35,41.058-40.375,54.953\\n\\tc-8.945,6.896-19.575,11.642-27.445,19.873c-7.738,8.092-12.055,18.496-12.544,29.663c-0.267,6.048,0.593,12.048,1.529,18.006\\n\\tc0.457,2.907,0.931,6.11,0.141,9.001c-0.462,1.688-1.714,3.135-3.597,3.043c-1.803-0.086-5.025-0.907-6.206-2.397\\n\\tc-0.631-0.797-0.671-2.474-0.894-3.449c-0.751-3.26-1.176-6.582-1.646-9.887c-2.3-16.13-0.203-33.518,7.612-47.965\\n\\tc2.903-5.366,6.725-10.398,11.318-14.422c3.989-3.491,8.746-6.201,12.987-9.395c7.599-5.723,14.899-12.019,21.388-18.984\\n\\tc9.479-10.176,17.729-22.129,20.874-35.863c1.813-7.916,1.013-15.959-0.159-23.908c-2.493-16.931-7.671-33.05-17.459-47.227\\n\\tc-2.503-3.627-5.446-6.927-8.556-10.035c-21.862-21.863-54.295-27.285-83.976-25.25c-10.577,0.725-22.025,1.615-32.025,5.389\\n\\tc-8.493,3.207-14.385,9.884-19.564,17.057c-2.219,3.07-5.729,8.633-10.247,7.924c-2.939-0.458-3.681-4.795-4.024-7.186\\n\\tc-1.061-7.401-0.555-15.028,0.162-22.434c0.187-1.919,0.426-3.836,0.604-5.755c0.064-0.683,0.01-1.879,0.537-2.39\\n\\tc1.016-0.979,2.938-1.468,4.198-2.076c3.387-1.641,6.836-3.198,10.331-4.597c9.599-3.841,19.415-7.026,29.663-8.608\\n\\tC176.824,66.517,182.236,66.59,187.561,65.89L187.561,65.89z M193.907,209.278L193.907,209.278L193.907,209.278L193.907,209.278z\\n\\t M136.494,319.293L136.494,319.293L136.494,319.293L136.494,319.293z M133.543,291.692L133.543,291.692L133.543,291.692\\n\\tL133.543,291.692z M141.071,258.929L141.071,258.929L141.071,258.929L141.071,258.929z M187.561,65.89L187.561,65.89L187.561,65.89z\\n\\t\\\" transform=\\\"scale(0.07710917654765505 0.07710917654765505)\\\"></path></svg>\",\"<svg version=\\\"1.1\\\" id=\\\"Layer_1\\\" xmlns=\\\"http://www.w3.org/2000/svg\\\" xmlns:xlink=\\\"http://www.w3.org/1999/xlink\\\" x=\\\"0px\\\" y=\\\"0px\\\" width=\\\"415px\\\" height=\\\"414.996px\\\" viewBox=\\\"0 0 415 414.996\\\" enable-background=\\\"new 0 0 415 414.996\\\" xml:space=\\\"preserve\\\" data-tags=\\\"last.fm\\\" style=\\\"margin-left: 0px; margin-top: 0px; \\\">\\n\\n<path d=\\\"M188.076,276.698l-11.543-31.378c0,0-18.759,20.921-46.888,20.921\\n\\tc-24.891-0.001-42.562-21.642-42.562-56.27c0-44.364,22.359-60.234,44.364-60.234c31.738,0,41.838,20.559,50.495,46.89\\n\\tl11.544,36.069c11.539,34.985,33.181,63.118,95.579,63.118c44.729,0,75.025-13.705,75.025-49.771\\n\\tc0-29.217-16.595-44.366-47.613-51.581l-23.083-5.049c-15.868-3.607-20.558-10.099-20.558-20.92\\n\\tc0-12.264,9.736-19.477,25.609-19.477c17.312,0,26.689,6.493,28.134,22.003l36.067-4.33c-2.886-32.461-25.247-45.806-62.039-45.806\\n\\tc-32.459,0-64.201,12.264-64.201,51.578c0,24.526,11.903,40.038,41.837,47.25l24.531,5.771c18.395,4.33,24.522,11.903,24.522,22.363\\n\\tc0,13.342-12.983,18.754-37.51,18.754c-36.43,0-51.577-19.117-60.236-45.447l-11.902-36.066\\n\\tc-15.146-46.891-39.313-64.203-87.287-64.203c-53.02,0-81.154,33.543-81.154,90.531c0,54.826,28.135,84.4,78.633,84.4\\n\\tC168.596,295.813,188.076,276.698,188.076,276.698L188.076,276.698z\\\" transform=\\\"scale(0.07710917654765505 0.07710917654765505)\\\"></path></svg>\",\"<svg version=\\\"1.1\\\" id=\\\"Layer_1\\\" xmlns=\\\"http://www.w3.org/2000/svg\\\" xmlns:xlink=\\\"http://www.w3.org/1999/xlink\\\" x=\\\"0px\\\" y=\\\"0px\\\" width=\\\"414.999px\\\" height=\\\"414.996px\\\" viewBox=\\\"0 0 414.999 414.996\\\" enable-background=\\\"new 0 0 414.999 414.996\\\" xml:space=\\\"preserve\\\" data-tags=\\\"LifeJournal\\\" style=\\\"margin-left: 0px; margin-top: 0px; \\\">\\n\\n<path d=\\\"M228.133,290.547c1.954-6.442,7.084-13.067,9.718-21.085\\n\\tc3.589-10.926,2.856-14.989,3.102-26.682c25.351,5.295,29.308,2.311,49.507-6.572c2.599,3.448,10.368,60.064,11.027,68.854\\n\\tc-2.824,1.783-5.597,2.51-8.498,4.641c-3.739,2.747-3.552,4.228-6.781,6.875L228.133,290.547L228.133,290.547z M165.02,148.909\\n\\tc-5.489,5.131-27.186,25.005-20.078,34.776c8.752,12.031,16.909,22.356,25.52,34.081l47.705,63.896\\n\\tc1.377,1.757,1.857,2.259,3.194,3.5c0.201-0.188,0.469-0.445,0.593-0.575l1.129-1.167c0.15-0.174,0.359-0.418,0.509-0.602\\n\\tc1.181-1.46,0.357-0.396,1.337-1.89c1.027-1.567,1.534-2.494,2.337-4.068c1.621-3.18,2.854-6.396,3.862-9.936\\n\\tc5.832-20.479,0.47-29.806-8.368-41.917l-34.523-46.258C184.11,173.198,168.441,151.276,165.02,148.909L165.02,148.909z\\n\\t M170.792,143.065c1.188,4.345,19.284,27.263,22.981,32.257c7.556,10.205,14.884,20.053,22.685,30.454\\n\\tc5.488,7.319,17.152,26.244,25.105,29.062c15.547,5.508,31.951,2.405,44.364-4.458c-3.062-6.312-54.764-74.03-62.568-84.661\\n\\tl-12.651-17.143C203.93,121.732,176.021,141.15,170.792,143.065L170.792,143.065z M191.067,118.095\\n\\tc-5.901,2.286-19.543,9.248-23.168,9.879c-2.078,3.066-7.126,6.127-10.062,8.313c-11.544,8.594-15.948,17.348-22.7,28.311\\n\\tl-2.009,2.641c-4.698-4.916-9.381-11.185-13.253-17.382c2.793-15.453,23.859-34.633,34.377-40.75\\n\\tc6.202-3.722,16.012-9.299,24.328-10.714l7.7-1.774c2.959,2.791,13.897,16.724,14.269,19.575L191.067,118.095L191.067,118.095z\\n\\t M110.109,135.984c-4.573-27.165,38.029-62.244,66.629-50.947c-3.374,2.317-34.893,7.83-55.153,34.143\\n\\tC117.341,124.692,111.851,135.073,110.109,135.984L110.109,135.984z M207.812,296.279c6.086,8.357,8.276,7.555,21.047,13.006\\n\\tc28.489,12.158,66.953,27.905,94.201,40.617c-2.116-31.002-9.832-82.588-14.389-115.175\\n\\tc-1.75-12.517-111.069-156.845-120.835-164.022c-33.709-24.778-119.836,38.14-89.554,78.895\\n\\tc7.407,9.969,13.399,18.042,20.897,28.013C222.366,314.826,126.558,184.723,207.812,296.279z\\\" transform=\\\"scale(0.07710917654765505 0.07710917654765505)\\\"></path></svg>\",\"<svg version=\\\"1.1\\\" id=\\\"Layer_1\\\" xmlns=\\\"http://www.w3.org/2000/svg\\\" xmlns:xlink=\\\"http://www.w3.org/1999/xlink\\\" x=\\\"0px\\\" y=\\\"0px\\\" width=\\\"415px\\\" height=\\\"414.996px\\\" viewBox=\\\"0 0 415 414.996\\\" enable-background=\\\"new 0 0 415 414.996\\\" xml:space=\\\"preserve\\\" data-tags=\\\"Linked in\\\" style=\\\"margin-left: 0px; margin-top: 0px; \\\">\\n\\n\\t\\n\\t\\n<path d=\\\"M107.855,132.377c19.812,0,32.15-13.141,32.15-29.546\\n\\t\\tc-0.369-16.771-12.338-29.54-31.771-29.54c-19.441,0-32.15,12.769-32.15,29.54c0,16.405,12.334,29.546,31.402,29.546H107.855\\n\\t\\tL107.855,132.377z M136.27,326.683V155.711H79.443v170.972H136.27zM167.715,326.683h56.826v-95.479c0-5.108,0.369-10.217,1.871-13.863\\n\\t\\tc4.109-10.213,13.457-20.788,29.156-20.788c20.568,0,28.787,15.683,28.787,38.664v91.466h56.826V228.65\\n\\t\\tc0-52.514-28.033-76.952-65.426-76.952c-30.658,0-44.117,17.139-51.59,28.81h0.375v-24.797h-56.826\\n\\t\\tC168.461,171.75,167.715,326.683,167.715,326.683L167.715,326.683z\\\" transform=\\\"scale(0.07710917654765505 0.07710917654765505)\\\"></path>\\n</svg>\",\"<svg version=\\\"1.1\\\" id=\\\"Layer_1\\\" xmlns=\\\"http://www.w3.org/2000/svg\\\" xmlns:xlink=\\\"http://www.w3.org/1999/xlink\\\" x=\\\"0px\\\" y=\\\"0px\\\" width=\\\"415px\\\" height=\\\"414.996px\\\" viewBox=\\\"0 0 415 414.996\\\" enable-background=\\\"new 0 0 415 414.996\\\" xml:space=\\\"preserve\\\" data-tags=\\\"MoiKrug\\\" style=\\\"margin-left: 0px; margin-top: 0px; \\\">\\n\\n<path d=\\\"M336.49,196.938L272.754,88.042c-7.671-13.286-5.412-12.829-19.658-12.927H107.755\\n\\tc-18.13,0-32.964,14.834-32.964,32.964v198.837c0,18.13,14.835,32.964,32.964,32.964h145.199c8.864,0,10.576,0.14,15.11-8.037\\n\\tl68.742-114.57C340.973,210.396,341.811,204.057,336.49,196.938z M237.697,129.158c17.564,0,31.891,14.325,31.891,31.89\\n\\ts-14.326,31.89-31.891,31.89c-17.563,0-31.889-14.325-31.889-31.89S220.134,129.158,237.697,129.158z M174.164,114.277\\n\\tc17.564,0,31.89,14.325,31.89,31.89c0,17.563-14.325,31.89-31.89,31.89s-31.89-14.326-31.89-31.89\\n\\tC142.274,128.603,156.6,114.277,174.164,114.277z M97.616,193.751c0-17.564,14.325-31.89,31.89-31.89s31.89,14.325,31.89,31.89\\n\\ts-14.325,31.89-31.89,31.89S97.616,211.315,97.616,193.751z M148.387,288.104c-17.564,0-31.89-14.325-31.89-31.89\\n\\ts14.325-31.89,31.89-31.89s31.89,14.325,31.89,31.89S165.951,288.104,148.387,288.104z M211.921,302.986\\n\\tc-17.564,0-31.89-14.326-31.89-31.89c0-17.564,14.325-31.891,31.89-31.891s31.89,14.326,31.89,31.891\\n\\tC243.811,288.66,229.485,302.986,211.921,302.986z M256.58,255.403c-17.564,0-31.89-14.325-31.89-31.89\\n\\tc0-17.563,14.325-31.89,31.89-31.89s31.891,14.326,31.891,31.89C288.471,241.078,274.145,255.403,256.58,255.403z\\\" transform=\\\"scale(0.07710917654765505 0.07710917654765505)\\\"></path></svg>\",\"<svg version=\\\"1.1\\\" id=\\\"Layer_1\\\" xmlns=\\\"http://www.w3.org/2000/svg\\\" xmlns:xlink=\\\"http://www.w3.org/1999/xlink\\\" x=\\\"0px\\\" y=\\\"0px\\\" width=\\\"415px\\\" height=\\\"414.996px\\\" viewBox=\\\"0 0 415 414.996\\\" enable-background=\\\"new 0 0 415 414.996\\\" xml:space=\\\"preserve\\\" data-tags=\\\"MySpace\\\" style=\\\"margin-left: 0px; margin-top: 0px; \\\">\\n\\n<path d=\\\"M265.285,165.12c23.399,0,42.374-18.976,42.374-42.375\\n\\tc0-23.397-18.975-42.374-42.374-42.374c-23.397,0-42.376,18.977-42.376,42.374C222.909,146.145,241.888,165.12,265.285,165.12\\n\\tL265.285,165.12z M126.603,154.335c14.036,0,25.424-11.381,25.424-25.426c0-14.038-11.388-25.426-25.424-25.426\\n\\tc-14.04,0-25.426,11.388-25.426,25.426C101.177,142.954,112.562,154.335,126.603,154.335L126.603,154.335z M126.603,158.956\\n\\tc13.2,0,24.672,7.371,30.528,18.224c7.741-8.362,18.811-13.599,31.108-13.599c16.89,0,31.468,9.878,38.277,24.175\\n\\tc10.252-9.279,23.848-14.932,38.769-14.932c31.919,0,57.784,25.866,57.784,57.788c0,1.3-0.107,2.571-0.191,3.849h0.191v100.164\\n\\th-115.57v-52.393h-61.637v-26.196H91.931V195.94h0.116c-0.056-0.771-0.116-1.533-0.116-2.313\\n\\tC91.931,174.475,107.448,158.956,126.603,158.956L126.603,158.956z M188.239,157.923c17.157,0,31.07-13.904,31.07-31.07\\n\\tc0-17.157-13.913-31.073-31.07-31.073c-17.158,0-31.074,13.916-31.074,31.073C157.165,144.019,171.081,157.923,188.239,157.923z\\\" transform=\\\"scale(0.07710917654765505 0.07710917654765505)\\\"></path></svg>\",\"<svg version=\\\"1.1\\\" id=\\\"Layer_1\\\" xmlns=\\\"http://www.w3.org/2000/svg\\\" xmlns:xlink=\\\"http://www.w3.org/1999/xlink\\\" x=\\\"0px\\\" y=\\\"0px\\\" width=\\\"415px\\\" height=\\\"414.996px\\\" viewBox=\\\"0 0 415 414.996\\\" enable-background=\\\"new 0 0 415 414.996\\\" xml:space=\\\"preserve\\\" data-tags=\\\"OpenID\\\" style=\\\"margin-left: 0px; margin-top: 0px; \\\">\\n\\n<path d=\\\"M192.245,93.008v211.224c-48.224-6.044-84.52-32.39-84.52-63.983c0-29.94,32.625-55.16,77.102-62.861v-26.839\\n\\tc-68.028,8.221-119.364,45.256-119.364,89.701c0,46.051,55.103,84.143,126.782,90.479l42.263-19.895V72.363L192.245,93.008\\n\\tL192.245,93.008z M241.925,150.558L241.925,150.558v26.83c16.564,2.868,31.495,8.155,43.698,15.223l-22.913,12.918l81.726,17.781\\n\\tl-5.832-60.568l-21.69,12.228C296.697,162.725,270.815,154.051,241.925,150.558z\\\" transform=\\\"scale(0.07710917654765505 0.07710917654765505)\\\"></path></svg>\",\"<svg version=\\\"1.1\\\" id=\\\"Layer_1\\\" xmlns=\\\"http://www.w3.org/2000/svg\\\" xmlns:xlink=\\\"http://www.w3.org/1999/xlink\\\" x=\\\"0px\\\" y=\\\"0px\\\" width=\\\"415px\\\" height=\\\"414.996px\\\" viewBox=\\\"0 0 415 414.996\\\" enable-background=\\\"new 0 0 415 414.996\\\" xml:space=\\\"preserve\\\" data-tags=\\\"Picasa\\\" style=\\\"margin-left: 0px; margin-top: 0px; \\\">\\n\\n\\t\\n\\t\\n\\t\\n\\t\\n\\t\\n<path d=\\\"M128.05,343.716c-31.029-17.869-52.655-44.19-66.757-77.104l66.757-60.176V343.716zM194.806,366.281c-16.014,0-32.904-4.699-50.773-13.163v-76.167h209.686c-25.385,51.717-73.144,89.33-128.821,89.33\\n\\t\\tH194.806zM292.599,71.033c47.958,29.154,77.104,79.927,77.104,136.341c0,17.869-2.82,35.727-8.467,52.657h-68.637V71.033zM209.86,47.532c23.501,0,45.129,4.697,65.816,14.109v107.176c-5.644-2.82-118.482-108.124-121.295-110.945\\n\\t\\tC173.186,51.292,191.992,47.532,209.86,47.532zM197.635,119.932L55.651,248.743c-3.769-13.161-5.644-27.271-5.644-41.369c0-60.173,31.967-114.704,87.442-141.973\\n\\t\\tL197.635,119.932z\\\" transform=\\\"scale(0.07710917654765505 0.07710917654765505)\\\"></path>\\n</svg>\",\"<svg version=\\\"1.1\\\" id=\\\"Layer_1\\\" xmlns=\\\"http://www.w3.org/2000/svg\\\" xmlns:xlink=\\\"http://www.w3.org/1999/xlink\\\" x=\\\"0px\\\" y=\\\"0px\\\" width=\\\"415px\\\" height=\\\"414.996px\\\" viewBox=\\\"0 0 415 414.996\\\" enable-background=\\\"new 0 0 415 414.996\\\" xml:space=\\\"preserve\\\" data-tags=\\\"Pinterest\\\" style=\\\"margin-left: 0px; margin-top: 0px; \\\">\\n\\n<path d=\\\"M207.505,70.305c-75.767,0-137.195,61.424-137.195,137.193\\n\\tc0,56.177,33.781,104.437,82.12,125.655c-0.386-9.58-0.069-21.08,2.388-31.503c2.638-11.138,17.653-74.756,17.653-74.756\\n\\ts-4.384-8.759-4.384-21.707c0-20.33,11.784-35.514,26.459-35.514c12.479,0,18.508,9.373,18.508,20.596\\n\\tc0,12.545-8.001,31.309-12.116,48.688c-3.437,14.554,7.297,26.424,21.653,26.424c25.994,0,43.5-33.385,43.5-72.941\\n\\tc0-30.067-20.252-52.573-57.085-52.573c-41.616,0-67.542,31.034-67.542,65.7c0,11.952,3.523,20.383,9.044,26.908\\n\\tc2.538,2.998,2.891,4.205,1.972,7.647c-0.658,2.523-2.17,8.601-2.795,11.01c-0.913,3.474-3.729,4.716-6.869,3.433\\n\\tc-19.168-7.825-28.096-28.815-28.096-52.412c0-38.972,32.868-85.702,98.051-85.702c52.379,0,86.853,37.903,86.853,78.59\\n\\tc0,53.817-29.92,94.024-74.024,94.024c-14.812,0-28.744-8.007-33.517-17.1c0,0-7.965,31.608-9.651,37.713\\n\\tc-2.908,10.578-8.603,21.149-13.809,29.389c12.34,3.644,25.373,5.626,38.883,5.626c75.76,0,137.186-61.424,137.186-137.194\\n\\tC344.69,131.729,283.265,70.305,207.505,70.305z\\\" transform=\\\"scale(0.07710917654765505 0.07710917654765505)\\\"></path></svg>\",\"<svg version=\\\"1.1\\\" id=\\\"Layer_1\\\" xmlns=\\\"http://www.w3.org/2000/svg\\\" xmlns:xlink=\\\"http://www.w3.org/1999/xlink\\\" x=\\\"0px\\\" y=\\\"0px\\\" width=\\\"415px\\\" height=\\\"414.996px\\\" viewBox=\\\"0 0 415 414.996\\\" enable-background=\\\"new 0 0 415 414.996\\\" xml:space=\\\"preserve\\\" data-tags=\\\"Pocket\\\" style=\\\"margin-left: 0px; margin-top: 0px; \\\">\\n\\n<path d=\\\"M50.779,96.375c7.21-16.217,20.18-20.234,37.061-20.105\\n\\tc74.959,0.568,149.926,0.257,224.889,0.234c8.633-0.002,17.718-0.113,23.709,6.929c3.967,4.663,8.232,11.075,8.287,16.743\\n\\tc0.356,36.423,1.59,73.015-1.266,109.251c-4.704,59.69-50.059,110.163-108.383,124.719C151.73,354.947,69.97,302.966,53.589,218.712\\n\\tc-1.169-6.015-1.884-12.118-2.81-18.181C50.779,165.812,50.779,131.094,50.779,96.375z M198.614,209.408\\n\\tc-3.887-3.552-7.368-6.617-10.718-9.818c-14.655-14.001-29.184-28.134-43.935-42.033c-9.552-9-21.31-8.849-29.777-0.014\\n\\tc-7.968,8.314-7.96,20.788,0.771,29.251c22.775,22.083,45.719,43.995,68.822,65.733c9.317,8.769,19.195,9.367,28.354,0.846\\n\\tc23.863-22.214,47.566-44.631,70.582-67.713c11.664-11.697,5.012-30.719-11.116-34.283c-8.345-1.846-14.671,2.106-20.444,7.68\\n\\tC233.853,175.762,216.436,192.348,198.614,209.408z\\\" transform=\\\"scale(0.07710917654765505 0.07710917654765505)\\\"></path></svg>\",\"<svg version=\\\"1.1\\\" id=\\\"Layer_1\\\" xmlns=\\\"http://www.w3.org/2000/svg\\\" xmlns:xlink=\\\"http://www.w3.org/1999/xlink\\\" x=\\\"0px\\\" y=\\\"0px\\\" width=\\\"415px\\\" height=\\\"414.996px\\\" viewBox=\\\"0 0 415 414.996\\\" enable-background=\\\"new 0 0 415 414.996\\\" xml:space=\\\"preserve\\\" data-tags=\\\"Read it Later\\\" style=\\\"margin-left: 0px; margin-top: 0px; \\\">\\n\\n<path d=\\\"M113.85,57.1L210.225,57.1L301.152,209.429L211.482,365.081L186.34,318.988L113.85,365.081L203.939,209.429 z\\\" transform=\\\"scale(0.07710917654765505 0.07710917654765505)\\\"></path></svg>\",\"<svg version=\\\"1.1\\\" id=\\\"Layer_1\\\" xmlns=\\\"http://www.w3.org/2000/svg\\\" xmlns:xlink=\\\"http://www.w3.org/1999/xlink\\\" x=\\\"0px\\\" y=\\\"0px\\\" width=\\\"414.998px\\\" height=\\\"414.996px\\\" viewBox=\\\"0 0 414.998 414.996\\\" enable-background=\\\"new 0 0 414.998 414.996\\\" xml:space=\\\"preserve\\\" data-tags=\\\"Readability\\\" style=\\\"margin-left: 0px; margin-top: 0px; \\\">\\n\\n\\t\\n\\t\\n\\t\\n\\t\\n<path d=\\\"M291.115,258.438c-55.949-35.995-110.162-36.275-165.605-0.553\\n\\t\\tc-0.662-3.392-1.469-6.266-1.744-9.19c-0.893-9.509-0.498-19.295-2.682-28.481c-1.984-8.356-5.072-17.546-10.648-23.652\\n\\t\\tc-5.721-6.265-6.4-11.604-4.701-18.73c16.262-68.13,95.068-101.477,155.213-65.564c26.859,16.039,44.035,39.14,49.338,70.247\\n\\t\\tc0.615,3.614-0.832,9.01-3.367,11.468c-8.088,7.831-11.779,17.112-12.637,27.986C293.357,233.627,292.266,245.274,291.115,258.438z\\n\\t\\tM207.371,311.242c-21.648-0.006-43.32-0.586-64.938,0.256\\n\\t\\tc-9.873,0.383-13.012-3.24-13.184-12.289c-0.123-6.334-0.584-12.872-2.295-18.923c-3-10.606,1.551-16.693,10.143-21.741\\n\\t\\tc28.178-16.552,58.775-19.812,90.434-16.367c19.807,2.157,38.686,7.505,55.141,19.605c4.855,3.567,7.256,7.329,6.266,13.608\\n\\t\\tc-1.432,9.106-2.328,18.321-2.98,27.521c-0.455,6.51-3.455,8.53-9.812,8.448C253.225,311.066,230.297,311.246,207.371,311.242zM287.373,326.466c3.656-33.902,7.016-67.836,11.072-101.691\\n\\t\\tc2.547-21.248,21.119-37.659,41.564-37.915c19.812-0.249,36.279,14.025,39.672,34.39c3.145,18.878-8.773,37.608-29.139,43.594\\n\\t\\tc-7.717,2.269-11.623,6.308-14.381,13.343c-4.998,12.745-10.805,25.172-16.039,37.827c-1.688,4.08-3.689,8.455-3.727,12.707\\n\\t\\tc-0.096,12.023-1.023,12.82-19.682,12.48C285.861,341.005,286.672,333.824,287.373,326.466zM128.387,330.347c-0.738,1.652-1.959,8.598-4.414,9.066\\n\\t\\tc-7.209,1.375-14.92,0.334-22.396-0.244c-0.83-0.062-1.457-3.223-2.109-4.975c-7.84-21.031-15.35-42.197-23.84-62.962\\n\\t\\tc-1.246-3.048-6.939-4.735-10.9-6.136c-18.076-6.402-29.225-20.7-29.314-38.185c-0.088-17.136,10.834-32.513,26.916-37.896\\n\\t\\tc24.105-8.069,50.814,8.156,54.473,34.872C121.502,258.24,124.395,292.842,128.387,330.347z\\\" transform=\\\"scale(0.07710917654765505 0.07710917654765505)\\\"></path>\\n</svg>\",\"<svg version=\\\"1.1\\\" id=\\\"Layer_1\\\" xmlns=\\\"http://www.w3.org/2000/svg\\\" xmlns:xlink=\\\"http://www.w3.org/1999/xlink\\\" x=\\\"0px\\\" y=\\\"0px\\\" width=\\\"415px\\\" height=\\\"414.996px\\\" viewBox=\\\"0 0 415 414.996\\\" enable-background=\\\"new 0 0 415 414.996\\\" xml:space=\\\"preserve\\\" data-tags=\\\"RSS\\\" style=\\\"margin-left: 0px; margin-top: 0px; \\\">\\n\\n<path d=\\\"M80.854,129.021c112.828,0,204.622,92.294,204.622,205.736h48.781\\n\\tc0-140.342-113.677-254.516-253.403-254.516V129.021L80.854,129.021z M148.317,300.681c0,18.662-15.132,33.789-33.788,33.789\\n\\tc-18.654,0-33.787-15.127-33.787-33.789c0-18.664,15.133-33.789,33.787-33.789C133.187,266.892,148.317,282.019,148.317,300.681\\n\\tL148.317,300.681z M80.781,215.497v-48.781c92.251,0,167.303,75.361,167.303,167.99h-48.782c0-31.895-12.335-61.852-34.735-84.357\\n\\tC142.2,227.876,112.445,215.497,80.781,215.497z\\\" transform=\\\"scale(0.07710917654765505 0.07710917654765505)\\\"></path></svg>\",\"<svg version=\\\"1.1\\\" id=\\\"Layer_1\\\" xmlns=\\\"http://www.w3.org/2000/svg\\\" xmlns:xlink=\\\"http://www.w3.org/1999/xlink\\\" x=\\\"0px\\\" y=\\\"0px\\\" width=\\\"415px\\\" height=\\\"414.996px\\\" viewBox=\\\"0 0 415 414.996\\\" enable-background=\\\"new 0 0 415 414.996\\\" xml:space=\\\"preserve\\\" data-tags=\\\"Share\\\" style=\\\"margin-left: 0px; margin-top: 0px; \\\">\\n\\n<path d=\\\"M104.674,162.269c11.881,0,22.914,4.243,33.104,12.723l102.703-51.766v-3.393c0-28.011,22.914-50.079,50.924-50.079\\n\\tc28.008,0,50.924,22.068,50.924,50.079c0,29.705-22.916,50.923-50.924,50.923c-12.734,0-23.77-4.244-33.104-11.88l-102.703,51.762\\n\\tv2.547v3.397l102.703,50.924c9.334-6.791,20.369-11.885,33.104-11.885c28.008,0,50.924,22.92,50.924,50.928\\n\\tc0,28.01-22.916,50.93-50.924,50.93c-28.01,0-50.924-22.92-50.924-50.93v-2.541l-102.703-51.779\\n\\tc-9.334,7.641-20.369,11.885-33.104,11.885c-28.008,0-50.924-22.92-50.924-50.929C53.75,185.175,76.666,162.269,104.674,162.269z\\\" transform=\\\"scale(0.07710917654765505 0.07710917654765505)\\\"></path></svg>\",\"<svg version=\\\"1.1\\\" id=\\\"Layer_1\\\" xmlns=\\\"http://www.w3.org/2000/svg\\\" xmlns:xlink=\\\"http://www.w3.org/1999/xlink\\\" x=\\\"0px\\\" y=\\\"0px\\\" width=\\\"415px\\\" height=\\\"414.996px\\\" viewBox=\\\"0 0 415 414.996\\\" enable-background=\\\"new 0 0 415 414.996\\\" xml:space=\\\"preserve\\\" data-tags=\\\"Skype\\\" style=\\\"margin-left: 0px; margin-top: 0px; \\\">\\n\\n<path d=\\\"M332.725,236.113c1.914-8.766,2.934-17.868,2.934-27.205c0-69.987-56.746-126.734-126.747-126.734\\n\\tc-7.385,0-14.634,0.634-21.671,1.853c-11.328-7.137-24.73-11.277-39.104-11.277c-40.596,0-73.508,32.912-73.508,73.494\\n\\tc0,13.578,3.693,26.272,10.108,37.176c-1.678,8.244-2.573,16.761-2.573,25.488c0,70,56.746,126.747,126.747,126.747\\n\\tc7.933,0,15.691-0.733,23.213-2.126c10.345,5.559,22.169,8.717,34.74,8.717c40.595,0,73.507-32.899,73.507-73.495\\n\\tC340.371,257.025,337.611,245.948,332.725,236.113z M273.914,269.482c-5.862,8.297-14.525,14.871-25.749,19.538\\n\\tc-11.115,4.62-24.44,6.963-39.607,6.963c-18.202,0-33.465-3.202-45.377-9.521c-8.516-4.599-15.536-10.829-20.868-18.518\\n\\tc-5.383-7.766-8.114-15.471-8.114-22.901c0-4.644,1.78-8.671,5.287-11.967c3.472-3.265,7.921-4.92,13.228-4.92\\n\\tc4.354,0,8.111,1.307,11.164,3.888c2.918,2.473,5.422,6.13,7.432,10.855c2.246,5.145,4.695,9.487,7.282,12.908\\n\\tc2.485,3.29,6.062,6.057,10.63,8.216c4.594,2.175,10.788,3.279,18.408,3.279c10.479,0,19.066-2.239,25.529-6.65\\n\\tc6.312-4.309,9.378-9.481,9.378-15.814c0-5.003-1.6-8.937-4.894-12.022c-3.449-3.226-7.998-5.734-13.522-7.458\\n\\tc-5.763-1.796-13.582-3.733-23.254-5.758c-13.153-2.816-24.329-6.161-33.217-9.94c-9.088-3.867-16.415-9.227-21.772-15.936\\n\\tc-5.443-6.809-8.202-15.354-8.202-25.399c0-9.575,2.896-18.204,8.606-25.649c5.668-7.392,13.945-13.138,24.602-17.08\\n\\tc10.519-3.89,23.031-5.862,37.188-5.862c11.319,0,21.271,1.309,29.577,3.892c8.354,2.602,15.397,6.115,20.932,10.438\\n\\tc5.573,4.354,9.721,9.014,12.323,13.854c2.629,4.888,3.965,9.752,3.965,14.458c0,4.528-1.75,8.644-5.201,12.229\\n\\tc-3.47,3.61-7.85,5.44-13.017,5.44c-4.693,0-8.366-1.146-10.917-3.404c-2.371-2.097-4.832-5.366-7.562-10.068\\n\\tc-3.16-6.005-6.986-10.739-11.375-14.074c-4.258-3.24-11.377-4.884-21.159-4.884c-9.086,0-16.474,1.823-21.96,5.42\\n\\tc-5.287,3.467-7.856,7.441-7.856,12.149c0,2.888,0.827,5.302,2.528,7.378c1.801,2.201,4.342,4.132,7.553,5.738\\n\\tc3.332,1.674,6.764,3.005,10.203,3.955c3.521,0.977,9.433,2.426,17.536,4.298c10.256,2.202,19.685,4.668,28.019,7.333\\n\\tc8.44,2.702,15.735,6.033,21.682,9.903c6.072,3.952,10.878,9.03,14.289,15.09c3.42,6.084,5.153,13.593,5.153,22.319\\n\\tC282.782,251.638,279.8,261.154,273.914,269.482z\\\" transform=\\\"scale(0.07710917654765505 0.07710917654765505)\\\"></path></svg>\",\"<svg version=\\\"1.1\\\" id=\\\"Layer_1\\\" xmlns=\\\"http://www.w3.org/2000/svg\\\" xmlns:xlink=\\\"http://www.w3.org/1999/xlink\\\" x=\\\"0px\\\" y=\\\"0px\\\" width=\\\"415px\\\" height=\\\"414.996px\\\" viewBox=\\\"0 0 415 414.996\\\" enable-background=\\\"new 0 0 415 414.996\\\" xml:space=\\\"preserve\\\" data-tags=\\\"SoundCloud\\\" style=\\\"margin-left: 0px; margin-top: 0px; \\\">\\n\\n\\t\\n\\t\\n\\t\\n\\t\\n\\t\\n\\t\\n\\t\\n<path d=\\\"M346.354,185.345c-5.036,0-10.789,1.438-17.269,3.597c-5.035-38.127-36.692-67.628-76.984-67.628\\n\\t\\tc-20.149,0-36.692,6.474-50.366,18.705v132.387H344.92v-0.716c30.938-2.16,43.887-20.148,43.887-43.174\\n\\t\\tC388.807,204.772,371.539,185.345,346.354,185.345zM171.515,150.095L171.515,272.406L193.813,272.406L193.813,147.214L187.347,156.562 \\tzM148.488,147.936v124.47h15.113v-124.47c-2.886,0-6.476-0.722-9.354-0.722\\n\\t\\tC152.086,147.214,149.929,147.214,148.488,147.936zM118.271,272.406h15.109v-121.59c-5.039,1.439-10.074,3.598-15.109,7.188V272.406zM88.051,197.577v74.829h15.105V172.394c-6.468,8.634-10.07,17.267-12.228,26.621\\n\\t\\tC90.929,199.014,90.208,198.297,88.051,197.577zM57.827,193.979v76.989c3.602,0.722,6.479,1.438,11.514,1.438h3.604v-79.145c-0.724-0.721-2.17-0.721-3.604-0.721\\n\\t\\tC64.307,192.54,61.429,193.261,57.827,193.979zM28.33,232.834c0,11.513,5.035,21.585,14.39,30.217v-60.436C34.082,210.528,28.33,220.599,28.33,232.834z\\\" transform=\\\"scale(0.07710917654765505 0.07710917654765505)\\\"></path>\\n</svg>\",\"<svg version=\\\"1.1\\\" id=\\\"Layer_1\\\" xmlns=\\\"http://www.w3.org/2000/svg\\\" xmlns:xlink=\\\"http://www.w3.org/1999/xlink\\\" x=\\\"0px\\\" y=\\\"0px\\\" width=\\\"415px\\\" height=\\\"414.996px\\\" viewBox=\\\"0 0 415 414.996\\\" enable-background=\\\"new 0 0 415 414.996\\\" xml:space=\\\"preserve\\\" data-tags=\\\"StackOverflow\\\" style=\\\"margin-left: 0px; margin-top: 0px; \\\">\\n\\n\\t\\n\\t\\n\\t\\n\\t\\n\\t\\n\\t\\n\\t\\n<path d=\\\"M96.695,227.285L96.695,342.282L281.381,342.282L281.381,227.285L261.614,227.285L261.614,323.467L116.941,323.508L116.941,227.285 \\tzM209.217,96.8l30.401,45.771c10.133,14.494,22.075,31.306,30.922,45.727\\n\\t\\tl19.828-12.339l-60.734-92.246L209.217,96.8zM131.76,304.697L243.154,304.699L243.323,280.683L132.338,280.701 \\tzM276.913,63.934L295.008,173.244L317.975,170.174L299.168,60.238 \\tzM139.326,213.218L246.426,242.047L253.254,219.325L145.53,190.307 \\tzM159.333,155.808L254.942,212.406L267.302,192.452L171.096,135.221 \\tzM132.748,263.547L243.001,273.921L246.112,250.666L134.988,240.017 \\tz\\\" transform=\\\"scale(0.07710917654765505 0.07710917654765505)\\\"></path>\\n</svg>\",\"<svg version=\\\"1.1\\\" id=\\\"Layer_1\\\" xmlns=\\\"http://www.w3.org/2000/svg\\\" xmlns:xlink=\\\"http://www.w3.org/1999/xlink\\\" x=\\\"0px\\\" y=\\\"0px\\\" width=\\\"414.999px\\\" height=\\\"414.996px\\\" viewBox=\\\"0 0 414.999 414.996\\\" enable-background=\\\"new 0 0 414.999 414.996\\\" xml:space=\\\"preserve\\\" data-tags=\\\"Steam\\\" style=\\\"margin-left: 0px; margin-top: 0px; \\\">\\n\\n<path d=\\\"M152.523,230.474c8.442,0,13.381-0.135,21.092,3.571\\n\\tc2.494,1.199,3.866,2.055,5.987,3.5c28.411,19.365,19.777,70.735-25.182,70.735c-2.613,0-8.323-1.328-10.501-2.146\\n\\tc-3.271-1.228-6.016-2.428-8.477-4.173c-3.598-2.551-10.8-8.761-12.009-13.29c11.994,2.795,30.982,19.476,51.71,0.488\\n\\tc11.278-10.333,12.969-29.604,3.172-41.471c-7.051-8.54-10.844-9.451-21.185-13.602c-2.377-0.953-4.003-1.766-6.505-2.348\\n\\tC151.367,230.673,150.718,230.474,152.523,230.474L152.523,230.474z M70.618,264.562c0.026,2.205,1.207,3.23,2.492,3.757\\n\\tl29.678,11.907c3.27,1.586,2.469,6.212,7.57,15.831c22.817,43.017,92.562,30.825,99.527-17.059c0.777-5.348-0.85-3.137,7.588-9.489\\n\\tl57.73-42.198c6.771-4.89,11.992-1.422,26.963-6.555c15.575-5.341,28.278-15.573,37.169-29.239\\n\\tc6.642-10.209,10.302-21.637,11.12-33.235v-10.079c-0.908-12.954-5.311-25.743-13.021-36.911c-1.13-1.637-2.297-3.294-3.572-4.65\\n\\tl-8.535-8.541c-8.9-8.695-28.673-16.914-42.534-16.914c-12.757,0-21.608,0.417-33.313,5.896\\n\\tc-5.806,2.718-14.551,8.097-18.709,12.281c-14.265,14.352-20.356,24.954-23.428,45.515c-0.19,1.269-0.26,5.567-0.603,6.988\\n\\tc-0.269,1.105-10.301,15.393-12.302,18.058l-25.474,36.512c-2.152,3.273-4.425,5.899-6.323,9.489\\n\\tc-14.646-0.327-17.532-0.016-31.193,6.186c-2.941,1.335-4.34-0.158-9.46-2.209c-12.748-5.104-24.699-9.884-37.49-15.001\\n\\tl-10.496-4.224c-2.295-0.681-3.224,0.006-3.384,3.004V264.562L70.618,264.562z M240.424,150.77c0-10.275,5.929-20.201,11.206-25.479\\n\\tc7.864-7.868,16.616-11.21,29.266-11.21c24.795,0,45.945,28.927,32.675,55.458c-1.17,2.34-1.959,4.126-3.481,6.006\\n\\tc-0.801,0.987-1.289,1.341-2.087,2.34c-14.97,18.742-46.374,17.774-60.899-3.433C242.177,167.26,240.424,159.95,240.424,150.77\\n\\tL240.424,150.77z M230.938,152.667c0-11.95,5.342-24.673,13.754-33.053c21.341-21.258,54.67-17.633,70.271,2.139\\n\\tc8.098,10.262,11.464,18.062,11.464,32.812c0,24.706-23.583,47.538-48.46,45.879c-20.651-1.378-34.068-10.537-42.604-28.163\\n\\tC232.851,167.097,230.938,158.597,230.938,152.667z\\\" transform=\\\"scale(0.07710917654765505 0.07710917654765505)\\\"></path></svg>\",\"<svg version=\\\"1.1\\\" id=\\\"Layer_1\\\" xmlns=\\\"http://www.w3.org/2000/svg\\\" xmlns:xlink=\\\"http://www.w3.org/1999/xlink\\\" x=\\\"0px\\\" y=\\\"0px\\\" width=\\\"415px\\\" height=\\\"414.996px\\\" viewBox=\\\"0 0 415 414.996\\\" enable-background=\\\"new 0 0 415 414.996\\\" xml:space=\\\"preserve\\\" data-tags=\\\"tumblr\\\" style=\\\"margin-left: 0px; margin-top: 0px; \\\">\\n\\n<path d=\\\"M151.066,288.1c0.068,13.796,2.986,27.14,12.008,37.134\\n\\tc1.158,1.282,2.217,1.953,3.338,3.129c8.514,8.925,21.025,15.827,36.607,19.534c15.996,3.806,35.26,3.661,51.412,0.989\\n\\tc11.873-1.963,32.834-8.502,41.344-13.855l-0.027-44.801c-4.32,0.998-23.146,16.213-48.529,13.446\\n\\tc-20.189-2.2-27.205-15.598-28.049-34.341c-0.764-6.455-0.779-86.294-0.68-87.58l67.705-0.008l0.004-44.802l-67.994-0.172\\n\\tl-0.324-72.344l-32.811,0.001c-4.883-0.038-7.213-1.438-8.041,2.595c-2.785,13.562-3.588,22.499-9.719,34.151\\n\\tc-9.633,18.303-27.648,35.159-48.084,39.784v40.77l31.721,0.279L151.066,288.1z\\\" transform=\\\"scale(0.07710917654765505 0.07710917654765505)\\\"></path></svg>\",\"<svg version=\\\"1.1\\\" id=\\\"Layer_1\\\" xmlns=\\\"http://www.w3.org/2000/svg\\\" xmlns:xlink=\\\"http://www.w3.org/1999/xlink\\\" x=\\\"0px\\\" y=\\\"0px\\\" width=\\\"415px\\\" height=\\\"414.996px\\\" viewBox=\\\"0 0 415 414.996\\\" enable-background=\\\"new 0 0 415 414.996\\\" xml:space=\\\"preserve\\\" data-tags=\\\"twitter\\\" style=\\\"margin-left: 0px; margin-top: 0px; \\\">\\n\\n<path d=\\\"M345.358,127.048c-9.754,4.326-20.237,7.249-31.239,8.564c11.229-6.731,19.854-17.39,23.915-30.092\\n\\tc-10.511,6.233-22.15,10.76-34.541,13.199c-9.921-10.571-24.058-17.176-39.701-17.176c-30.039,0-54.393,24.353-54.393,54.391\\n\\tc0,4.263,0.48,8.414,1.408,12.396c-45.205-2.269-85.283-23.923-112.11-56.831c-4.683,8.033-7.364,17.376-7.364,27.345\\n\\tc0,18.871,9.602,35.52,24.197,45.273c-8.917-0.283-17.304-2.729-24.637-6.803c-0.005,0.227-0.005,0.454-0.005,0.684\\n\\tc0,26.354,18.749,48.335,43.632,53.335c-4.564,1.242-9.369,1.908-14.33,1.908c-3.505,0-6.912-0.342-10.234-0.977\\n\\tc6.922,21.608,27.01,37.334,50.811,37.771c-18.614,14.59-42.068,23.287-67.552,23.287c-4.39,0-8.72-0.259-12.975-0.762\\n\\tc24.071,15.433,52.662,24.438,83.378,24.438c100.047,0,154.757-82.881,154.757-154.758c0-2.358-0.053-4.704-0.157-7.037\\n\\tC328.846,147.534,338.066,137.955,345.358,127.048z\\\" transform=\\\"scale(0.07710917654765505 0.07710917654765505)\\\"></path></svg>\",\"<svg version=\\\"1.1\\\" id=\\\"Layer_1\\\" xmlns=\\\"http://www.w3.org/2000/svg\\\" xmlns:xlink=\\\"http://www.w3.org/1999/xlink\\\" x=\\\"0px\\\" y=\\\"0px\\\" width=\\\"415px\\\" height=\\\"414.996px\\\" viewBox=\\\"0 0 415 414.996\\\" enable-background=\\\"new 0 0 415 414.996\\\" xml:space=\\\"preserve\\\" data-tags=\\\"vimeo\\\" style=\\\"margin-left: 0px; margin-top: 0px; \\\">\\n\\n<path d=\\\"M345.466,131.972c2.091-11.726,2.044-23.781-5.196-32.899\\n\\tc-10.104-12.785-31.607-13.254-46.341-10.999c-11.984,1.833-52.521,19.716-66.315,62.534c24.439-1.857,37.246,1.762,34.896,28.669\\n\\tc-0.987,11.256-6.672,23.593-13.019,35.414c-7.331,13.63-21.08,40.397-39.103,21.104c-16.239-17.368-15.019-50.573-18.731-72.686\\n\\tc-2.065-12.409-4.253-27.87-8.317-40.631c-3.502-10.975-11.538-24.205-21.361-27.072c-10.552-3.102-23.596,1.739-31.256,6.251\\n\\tc-24.392,14.334-42.981,34.732-64.083,51.558v1.574c4.183,3.995,5.311,10.552,11.467,11.445\\n\\tc14.523,2.138,28.366-13.537,38.022,2.772c5.875,9.964,7.709,20.891,11.47,31.631c5.028,14.312,8.905,29.893,13.019,46.341\\n\\tc6.956,27.871,15.509,69.514,39.598,79.71c12.289,5.219,30.762-1.761,40.112-7.307c25.335-14.994,45.075-36.73,61.972-58.844\\n\\tC320.932,208.207,342.246,148.916,345.466,131.972z\\\" transform=\\\"scale(0.07710917654765505 0.07710917654765505)\\\"></path></svg>\",\"<svg version=\\\"1.1\\\" id=\\\"Layer_1\\\" xmlns=\\\"http://www.w3.org/2000/svg\\\" xmlns:xlink=\\\"http://www.w3.org/1999/xlink\\\" x=\\\"0px\\\" y=\\\"0px\\\" width=\\\"415px\\\" height=\\\"414.996px\\\" viewBox=\\\"0 0 415 414.996\\\" enable-background=\\\"new 0 0 415 414.996\\\" xml:space=\\\"preserve\\\" data-tags=\\\"VK\\\" style=\\\"margin-left: 0px; margin-top: 0px; \\\">\\n\\n<path d=\\\"M316.801,307.104c-0.558,0-1.102,0-1.66,0c-17.838-2.978-29.993-15.776-40.373-27.618\\n\\tc-5.84-6.699-14.832-21.846-25.54-20.1c-15.205,2.49-7.647,28.877-14.003,40.188c-5.125,9.133-26.957,7.485-42.013,5.854\\n\\tc-47.521-5.124-71.805-30.895-93.093-58.598c-22.758-29.607-40.474-60.588-56.852-94.604c-5.305-11.01-12.355-23.192-12.355-36.837\\n\\tc7.703-6.372,20.272-4.182,32.957-4.182c10.753,0,27.547-2.405,35.419,1.676c4.682,2.405,9.406,15.247,13.187,23.437\\n\\tc8.676,18.798,16.656,32.327,27.188,47.717c4.561,6.672,11.567,19.255,19.771,17.581c7.967-1.617,8.718-21.561,9.062-34.317\\n\\tc0.399-14.487-0.016-32.498-4.116-40.187c-3.873-7.258-10.959-7.402-18.126-11.726c5.964-12.183,22.312-13.4,42.021-13.4\\n\\tc16.556,0,39.677-1.861,46.133,9.22c6.573,11.282,2.063,31.626,1.647,46.873c-0.457,17.137-3.378,34.833,8.248,42.706\\n\\tc8.934-0.986,13.743-9.835,18.939-16.75c11.367-15.133,18.396-28.232,27.187-47.717c3.608-8.004,7.474-21.775,14.003-24.281\\n\\tc9.95-3.823,25.812-0.831,40.373-0.831c11.939,0,33.242-3.35,37.079,5.026c3.181,6.944-6.184,24.482-9.061,29.292\\n\\tc-11.039,18.384-21.863,30.094-33.773,46.044c-4.769,6.385-14.603,16.593-14.017,26.801c0.444,7.744,8.104,13.687,14.017,19.257\\n\\tc12.785,12.067,21.76,20.859,32.126,34.316c3.895,5.07,12.341,16.048,11.525,22.607C380.195,315.007,332.778,302.18,316.801,307.104\\n\\tz\\\" transform=\\\"scale(0.07710917654765505 0.07710917654765505)\\\"></path></svg>\",\"<svg version=\\\"1.1\\\" id=\\\"Layer_1\\\" xmlns=\\\"http://www.w3.org/2000/svg\\\" xmlns:xlink=\\\"http://www.w3.org/1999/xlink\\\" x=\\\"0px\\\" y=\\\"0px\\\" width=\\\"414.999px\\\" height=\\\"414.996px\\\" viewBox=\\\"0 0 414.999 414.996\\\" enable-background=\\\"new 0 0 414.999 414.996\\\" xml:space=\\\"preserve\\\" data-tags=\\\"Vkontakte\\\" style=\\\"margin-left: 0px; margin-top: 0px; \\\">\\n\\n<path d=\\\"M124.046,94.794h98.5c32.411,0,60.002,15.878,59.973,47.985\\n\\tc-0.025,26.809-9.732,37.237-29.675,49.029c1.704,1.405,13.132,4.814,16.97,6.705c6.145,3.028,9.76,6.09,13.803,10.2\\n\\tc11.314,11.504,13.424,22.021,13.424,40.066c0,41.868-40.496,62.917-79.494,62.917h-93.918L124.046,94.794L124.046,94.794z\\n\\t M177.57,151.78l-0.007,28.167c25.371,0,49.211,3.342,49.211-24.167c0-25.467-26.97-21.271-49.229-21.271L177.57,151.78\\n\\tL177.57,151.78z M177.556,271.77c27.8,0,62.145,4.58,62.748-26.982c0.631-32.922-35.281-26.98-62.732-26.98L177.556,271.77z\\\" transform=\\\"scale(0.07710917654765505 0.07710917654765505)\\\"></path></svg>\",\"<svg version=\\\"1.1\\\" id=\\\"Layer_1\\\" xmlns=\\\"http://www.w3.org/2000/svg\\\" xmlns:xlink=\\\"http://www.w3.org/1999/xlink\\\" x=\\\"0px\\\" y=\\\"0px\\\" width=\\\"415px\\\" height=\\\"414.996px\\\" viewBox=\\\"0 0 415 414.996\\\" enable-background=\\\"new 0 0 415 414.996\\\" xml:space=\\\"preserve\\\" data-tags=\\\"Yandex\\\" style=\\\"margin-left: 0px; margin-top: 0px; \\\">\\n\\n\\t\\n\\t\\n<path d=\\\"M183.661,173.492c0,30.482,16.205,42.674,32.916,42.674h10.641v-87.38h-12.92\\n\\t\\tC198.853,128.786,183.661,141.737,183.661,173.492zM336.489,196.938L272.753,88.042c-7.67-13.285-5.412-12.828-19.658-12.926\\n\\t\\th-145.34c-18.13,0-32.964,14.833-32.964,32.963v198.837c0,18.13,14.835,32.964,32.964,32.964h145.199\\n\\t\\tc8.863,0,10.576,0.141,15.109-8.037l68.742-114.57C340.972,210.396,341.81,204.057,336.489,196.938z M246.716,301.006\\n\\t\\tc0,1.266-0.508,2.026-2.027,2.026h-15.707c-1.006,0-1.764-1.014-1.764-1.774v-68.839H214.55l-35.195,68.839\\n\\t\\tc-0.506,1.268-1.52,1.774-3.039,1.774h-17.979c-2.02,0-3.285-1.774-2.02-4.062l38.736-70.106\\n\\t\\tc-20.758-9.145-32.41-27.685-32.41-52.83c0-41.912,24.059-63.503,52.414-63.503h28.871c1.771,0,2.787,0.76,2.787,2.542V301.006z\\\" transform=\\\"scale(0.07710917654765505 0.07710917654765505)\\\"></path>\\n</svg>\",\"<svg version=\\\"1.1\\\" id=\\\"Layer_1\\\" xmlns=\\\"http://www.w3.org/2000/svg\\\" xmlns:xlink=\\\"http://www.w3.org/1999/xlink\\\" x=\\\"0px\\\" y=\\\"0px\\\" width=\\\"415px\\\" height=\\\"414.996px\\\" viewBox=\\\"0 0 415 414.996\\\" enable-background=\\\"new 0 0 415 414.996\\\" xml:space=\\\"preserve\\\" data-tags=\\\"YouTube\\\" style=\\\"margin-left: 0px; margin-top: 0px; \\\">\\n\\n\\t\\n\\t\\n\\t\\n\\t\\n<path d=\\\"M179.335,62.306L158.192,62.306L145.334,116.145L144.013,116.145L130.519,62.306L109.564,62.306L109.564,62.313L134.313,143.625L134.313,197.007L155.119,197.007L155.119,141.117 \\tzM185.667,192.024c4.828,4.975,11.272,7.472,19.312,7.493h0.177c8.354-0.021,14.913-2.444,19.691-7.257\\n\\t\\tc4.771-4.835,7.161-11.5,7.166-20.002v-51.357c-0.005-7.568-2.437-13.758-7.309-18.558c-4.884-4.813-11.143-7.211-18.797-7.211\\n\\t\\tc-8.399,0-15.087,2.271-20.05,6.84c-4.979,4.563-7.47,10.693-7.47,18.384l0.007,51.515\\n\\t\\tC178.396,180.313,180.823,187.034,185.667,192.024L185.667,192.024z M197.409,119.614L197.409,119.614\\n\\t\\tc0-2.174,0.707-3.928,2.114-5.271c1.411-1.328,3.235-1.988,5.489-1.988c2.439,0,4.417,0.661,5.919,1.988\\n\\t\\tc1.5,1.342,2.261,3.097,2.261,5.271v54.116c0,2.674-0.736,4.756-2.212,6.281c-1.47,1.527-3.455,2.289-5.968,2.289\\n\\t\\tc-2.441,0-4.313-0.744-5.637-2.23c-1.314-1.501-1.967-3.61-1.967-6.34V119.614zM281.965,97.642v75.43c-1.745,2.157-3.64,3.944-5.722,5.341c-2.07,1.401-3.782,2.091-5.145,2.091\\n\\t\\tc-1.732,0-2.985-0.525-3.754-1.583c-0.769-1.053-1.154-2.751-1.154-5.11V97.642h-18.483v83.091\\n\\t\\tc0.004,5.898,1.086,10.321,3.245,13.276c2.163,2.952,5.385,4.422,9.654,4.422c3.456,0,7.035-1.054,10.732-3.158\\n\\t\\tc3.672-2.111,7.214-5.195,10.626-9.23v10.964h18.467V97.642H281.965zM163.733,235.222H120.07v13.368h14.715v78.738h14.226V248.59h14.723V235.222L163.733,235.222z M186.981,310.959v-51.575\\n\\t\\th12.634v67.943h-12.634v-7.505c-2.325,2.773-4.75,4.874-7.267,6.318c-2.519,1.445-4.966,2.165-7.333,2.165\\n\\t\\tc-2.918,0-5.124-1.01-6.598-3.029c-1.484-2.025-2.227-5.057-2.227-9.104v-56.788h12.631v52.077c0,1.615,0.266,2.784,0.799,3.498\\n\\t\\tc0.527,0.724,1.385,1.08,2.57,1.08c0.926,0,2.099-0.47,3.522-1.424C184.499,313.657,185.798,312.441,186.981,310.959\\n\\t\\tL186.981,310.959L186.981,310.959z M235.93,258.522L235.93,258.522c-1.96,0-3.896,0.543-5.815,1.623\\n\\t\\tc-1.911,1.08-3.722,2.651-5.429,4.728v-29.651H211.94v92.106h12.745v-5.222c1.671,2.065,3.464,3.599,5.396,4.583\\n\\t\\tc1.936,1,4.136,1.501,6.608,1.501c3.749,0,6.6-1.285,8.585-3.847c1.979-2.569,2.964-6.263,2.964-11.094v-37.69\\n\\t\\tc0-5.551-1.049-9.776-3.16-12.685C242.978,259.979,239.919,258.522,235.93,258.522L235.93,258.522z M235.238,311.398\\n\\t\\tL235.238,311.398c0,2.17-0.366,3.731-1.095,4.686c-0.727,0.953-1.862,1.431-3.412,1.431c-1.069,0-2.082-0.237-3.045-0.734\\n\\t\\tc-0.973-0.484-1.964-1.281-3.001-2.385v-42.34c0.866-0.933,1.731-1.621,2.618-2.072c0.875-0.441,1.761-0.665,2.664-0.665\\n\\t\\tc1.712,0,3.014,0.596,3.916,1.781c0.903,1.189,1.354,2.93,1.354,5.226V311.398L235.238,311.398z M294.926,294.944L294.926,294.944\\n\\t\\tV277.65c0-6.45-1.55-11.389-4.641-14.825c-3.111-3.441-7.552-5.159-13.331-5.159c-5.648,0-10.26,1.854-13.834,5.563\\n\\t\\tc-3.571,3.713-5.349,8.522-5.349,14.421v30.5c0,6.535,1.623,11.671,4.868,15.417c3.258,3.728,7.707,5.598,13.359,5.598\\n\\t\\tc6.291,0,11.017-1.756,14.181-5.282c3.171-3.528,4.746-8.774,4.746-15.732v-5.105h-12.997v4.719c0,4.003-0.416,6.58-1.249,7.753\\n\\t\\tc-0.829,1.161-2.302,1.751-4.396,1.751c-2.004,0-3.424-0.688-4.258-2.072c-0.837-1.379-1.261-3.866-1.261-7.432v-12.821H294.926\\n\\t\\tL294.926,294.944z M270.765,277.522L270.765,277.522c0-2.845,0.447-4.886,1.322-6.115c0.874-1.232,2.318-1.846,4.331-1.846\\n\\t\\tc1.919,0,3.322,0.614,4.196,1.846c0.875,1.229,1.314,3.27,1.314,6.115v6.882h-11.164V277.522z\\\" transform=\\\"scale(0.07710917654765505 0.07710917654765505)\\\"></path>\\n</svg>\",\"<svg version=\\\"1.1\\\" id=\\\"Layer_1\\\" xmlns=\\\"http://www.w3.org/2000/svg\\\" xmlns:xlink=\\\"http://www.w3.org/1999/xlink\\\" x=\\\"0px\\\" y=\\\"0px\\\" width=\\\"415px\\\" height=\\\"414.996px\\\" viewBox=\\\"0 0 415 414.996\\\" enable-background=\\\"new 0 0 415 414.996\\\" xml:space=\\\"preserve\\\" data-tags=\\\"BitBucket\\\" style=\\\"margin-left: 0px; margin-top: 0px; \\\">\\n\\n\\n<path d=\\\"M207.219,47.608v0.004V47.608c-76.287,0-138.578,20.511-138.578,45.976c0,6.709,16.636,102.882,23.234,141.022\\n\\tc2.959,17.105,47.162,42.185,115.309,42.185l0.07-0.204v0.204c68.146,0,112.35-25.079,115.309-42.185\\n\\tc6.599-38.141,23.235-134.313,23.235-141.022C345.798,68.119,283.506,47.608,207.219,47.608z M207.219,245.894\\n\\tc-24.329,0-44.051-19.725-44.051-44.051c0-24.332,19.722-44.053,44.051-44.053s44.051,19.721,44.051,44.053\\n\\tC251.27,226.169,231.548,245.894,207.219,245.894z M207.194,107.794c-49.015-0.079-88.733-8.595-88.719-19.025\\n\\tc0.017-10.432,39.768-18.82,88.781-18.74c49.013,0.08,88.733,8.593,88.716,19.025C295.956,99.487,256.208,107.872,207.194,107.794zM306.82,272.833c-2.107,0-3.795,1.491-3.795,1.491s-34.128,27.023-95.807,27.025c-61.679-0.002-95.807-27.025-95.807-27.025\\n\\ts-1.688-1.491-3.794-1.491c-2.516,0-4.902,1.69-4.902,5.42c0,0.395,0.037,0.787,0.11,1.173c5.297,28.349,9.166,48.463,9.848,51.524\\n\\tc4.623,20.854,45.414,36.589,94.541,36.592l0,0h0.004h0.004l0,0c49.128-0.003,89.918-15.738,94.541-36.592\\n\\tc0.682-3.062,4.551-23.176,9.848-51.524c0.073-0.386,0.11-0.778,0.11-1.173C311.722,274.523,309.335,272.833,306.82,272.833z\\\" transform=\\\"scale(0.07710917654765505 0.07710917654765505)\\\"></path></svg>\",\"<svg version=\\\"1.1\\\" id=\\\"Layer_1\\\" xmlns=\\\"http://www.w3.org/2000/svg\\\" xmlns:xlink=\\\"http://www.w3.org/1999/xlink\\\" x=\\\"0px\\\" y=\\\"0px\\\" width=\\\"415px\\\" height=\\\"414.996px\\\" viewBox=\\\"0 0 415 414.996\\\" enable-background=\\\"new 0 0 415 414.996\\\" xml:space=\\\"preserve\\\" data-tags=\\\"YouTube play\\\" style=\\\"margin-left: 0px; margin-top: 0px; \\\">\\n\\n<path d=\\\"M236.78,322.65c-46.408,0-92.812,0.295-139.217-0.125\\n\\tc-23.334-0.208-33.082-7.57-39.811-31.131c-10.636-37.233-10.367-75.513-7.312-113.671c1.294-16.17,3.948-32.548,8.583-48.058\\n\\tc6.328-21.197,16.607-28.108,38.571-28.221c75.316-0.384,150.631-0.611,225.944-0.336c26.859,0.1,38.386,8.596,44.057,34.539\\n\\tc11.088,50.738,11.146,101.953,0.052,152.697c-5.659,25.889-17.019,33.966-44.108,34.494c-28.916,0.566-57.848,0.128-86.772,0.128\\n\\tC236.771,322.862,236.773,322.757,236.78,322.65z M179.244,273.015c32.441-20.919,62.257-40.144,94.993-61.251\\n\\tc-32.936-21.287-62.751-40.561-94.993-61.399C179.244,192.257,179.244,230.626,179.244,273.015z\\\" transform=\\\"scale(0.07710917654765505 0.07710917654765505)\\\"></path></svg>\"],\"IDs\":[0,1,2,3,4,5,6,7,8,9,10,11,12,13,14,15,16,17,18,19,20,21,22,23,24,25,26,27,28,29,30,31,32,33,34,35,36,37,38,39],\"user\":{\"email\":\"mail@grawl.ru\",\"newsletter\":true,\"secret\":\"4597c5ae9aa5f687c9460116eeba4f1e0bcaca7c284b3d30884da9ae4b31991fdac7626171d43fb6eea805d97004e167451a211e1d85ab819ab9e1f6214a8f31\",\"uid\":1246}}","inputCache":"{\"baseline\":\"6.25\",\"emSize\":\"512\",\"prev_size\":\"32\",\"hdr-imported\":\"checked\",\"iconAlignment\":\"0\",\"showGrid\":\"checked\",\"fi_name\":\"Grands\",\"fi_id\":\"Grands\",\"fi_link\":\"https://github.com/Grawl/Grands\",\"fi_author\":\"Grawl and Hands-Creative\",\"fi_authorLink\":\"http://grawl.ru\",\"fi_license\":\"CC BY 3.0\",\"fi_licenseLink\":\"http://creativecommons.org/licenses/by/3.0/\",\"include_metadata\":\"checked\",\"base64\":false,\"img-height\":\"32\",\"img-color\":\"000000\",\"include_png\":\"checked\",\"fi_class\":\"icon-\",\"showCloudLinks\":false,\"hdr-iconic\":false,\"hdr-meteocons\":false,\"hdr-broccolidry\":false,\"hdr-icomoon\":false,\"sprites-cols\":\"16\",\"include_sprites\":false}"}